ts_code,trade_date,open,high,low,close,pre_close,change,pct_chg,vol,amount
001270.SZ,20260213,120.0,127.01,119.94,127.01,120.96,6.05,5.0017,42236.12,526517.583
001270.SZ,20260212,125.0,126.0,120.96,120.96,127.33,-6.37,-5.0027,88899.82,1090083.906
001270.SZ,20260211,133.45,135.69,127.33,127.33,134.03,-6.7,-4.9989,79668.69,1037643.284
001270.SZ,20260210,138.0,139.2,134.02,134.03,141.07,-7.04,-4.9904,89179.26,1204783.208
001270.SZ,20260209,139.11,142.44,130.03,141.07,135.66,5.41,3.9879,124238.65,1700475.202
001270.SZ,20260206,143.19,145.0,135.66,135.66,142.8,-7.14,-5.0,108611.18,1505100.546
001270.SZ,20260205,142.8,153.33,142.8,142.8,150.32,-7.52,-5.0027,127027.56,1842167.892
001270.SZ,20260204,154.0,155.99,150.32,150.32,158.23,-7.91,-4.9991,72904.16,1105769.478
001270.SZ,20260203,164.0,167.37,153.01,158.23,159.93,-1.7,-1.063,111061.52,1771083.998
001270.SZ,20260202,165.15,165.15,155.33,159.93,157.29,2.64,1.6784,128908.95,2093477.037
001270.SZ,20260130,146.06,157.29,142.31,157.29,149.8,7.49,5.0,149002.88,2225547.934
001270.SZ,20260129,160.0,165.56,149.8,149.8,157.68,-7.88,-4.9975,163775.5,2629230.879
001270.SZ,20260128,157.68,157.68,155.55,157.68,150.17,7.51,5.001,16437.96,259046.905
001270.SZ,20260127,138.0,150.17,137.01,150.17,143.02,7.15,4.9993,76688.12,1127328.461
001270.SZ,20260126,143.02,143.02,135.55,143.02,136.21,6.81,4.9996,99620.78,1408576.7
001270.SZ,20260123,134.0,136.21,132.63,136.21,129.72,6.49,5.0031,30398.25,412020.872
001270.SZ,20260122,117.38,129.72,117.36,129.72,123.54,6.18,5.0024,137959.6,1702316.259
001270.SZ,20260121,132.99,132.99,123.54,123.54,130.04,-6.5,-4.9985,92043.81,1159163.373
001270.SZ,20260120,142.01,142.2,128.66,130.04,135.43,-5.39,-3.9799,154825.64,2089439.731
001270.SZ,20260119,122.53,135.43,122.53,135.43,128.98,6.45,5.0008,136922.88,1806826.725
001270.SZ,20260116,116.7,128.98,116.7,128.98,122.84,6.14,4.9984,63759.09,764655.876
001270.SZ,20260112,122.84,122.84,122.84,122.84,116.99,5.85,5.0004,2641.04,32442.535
001270.SZ,20260109,116.99,116.99,116.99,116.99,111.42,5.57,4.9991,6138.88,71818.757
001270.SZ,20260108,111.42,111.42,110.0,111.42,106.11,5.31,5.0042,29859.97,332600.132
001270.SZ,20260107,106.11,106.11,106.11,106.11,101.06,5.05,4.997,7995.8,84843.434
001270.SZ,20260106,99.88,101.06,98.85,101.06,96.25,4.81,4.9974,38097.57,382500.068
001270.SZ,20260105,96.25,96.25,94.81,96.25,91.67,4.58,4.9962,71569.7,688260.388
001270.SZ,20251231,89.03,91.67,89.03,91.67,87.3,4.37,5.0057,121055.84,1104497.551
001270.SZ,20251230,88.53,88.54,82.58,87.3,84.32,2.98,3.5342,228658.65,1972767.337
001270.SZ,20251229,84.32,84.32,82.2,84.32,80.3,4.02,5.0062,95219.6,802519.503
001270.SZ,20251226,80.3,80.3,80.3,80.3,76.48,3.82,4.9948,10964.43,88044.373
001270.SZ,20251225,74.15,76.48,73.4,76.48,72.84,3.64,4.9973,29389.01,221255.452
001270.SZ,20251224,66.62,73.29,66.62,72.84,69.8,3.04,4.3553,199803.04,1402370.475
001270.SZ,20251223,72.0,73.52,69.8,69.8,73.47,-3.67,-4.9952,150082.44,1065148.086
001270.SZ,20251222,74.21,74.21,72.2,73.47,70.68,2.79,3.9474,238147.5,1757290.304
001270.SZ,20251219,77.88,78.12,70.68,70.68,74.4,-3.72,-5.0,266065.28,1955216.935
001270.SZ,20251218,74.4,74.4,71.01,74.4,70.86,3.54,4.9958,260707.91,1920302.785
001270.SZ,20251217,70.86,70.86,70.86,70.86,67.49,3.37,4.9933,7021.08,49751.373
001270.SZ,20251216,67.49,67.49,67.49,67.49,64.28,3.21,4.9938,4754.79,32090.078
001270.SZ,20251215,64.28,64.28,64.28,64.28,61.22,3.06,4.9984,1530.0,9834.84
001270.SZ,20251212,61.22,61.22,61.22,61.22,58.3,2.92,5.0086,2747.72,16821.542
001270.SZ,20251211,58.2,58.3,57.85,58.3,55.52,2.78,5.0072,20605.93,119974.741
001270.SZ,20251210,53.0,55.52,52.51,55.52,52.88,2.64,4.9924,91336.7,501465.626
001270.SZ,20251209,53.15,54.15,52.24,52.88,51.57,1.31,2.5402,193551.3,1036710.935
001270.SZ,20251208,51.57,51.57,51.57,51.57,49.11,2.46,5.0092,5543.32,28586.901
001270.SZ,20251205,47.02,49.11,46.52,49.11,46.77,2.34,5.0032,85415.04,412113.316
001270.SZ,20251204,45.88,47.25,45.88,46.77,45.77,1.0,2.1848,54043.2,252364.663
001270.SZ,20251203,47.4,47.96,45.03,45.77,47.4,-1.63,-3.4388,62701.28,290840.072
001270.SZ,20251202,46.36,48.63,46.25,47.4,46.56,0.84,1.8041,89005.36,422544.885
001270.SZ,20251201,45.56,46.56,45.2,46.56,44.34,2.22,5.0068,85674.27,397146.427
001270.SZ,20251128,43.48,44.5,43.2,44.34,43.14,1.2,2.7816,33513.0,147526.036
001270.SZ,20251127,42.33,43.49,42.33,43.14,42.8,0.34,0.7944,20421.82,87939.759
001270.SZ,20251126,44.1,44.39,42.55,42.8,43.43,-0.63,-1.4506,29772.28,129343.805
001270.SZ,20251125,43.62,44.93,43.39,43.43,43.25,0.18,0.4162,35089.94,154751.462
001270.SZ,20251124,42.22,43.65,41.86,43.25,41.95,1.3,3.0989,32716.72,140414.046
001270.SZ,20251121,43.2,43.2,41.91,41.95,43.5,-1.55,-3.5632,29768.04,125739.767
001270.SZ,20251120,45.06,45.33,43.41,43.5,44.93,-1.43,-3.1827,27334.79,120301.548
001270.SZ,20251119,45.49,45.66,44.8,44.93,44.91,0.02,0.0445,15398.06,69619.228
001270.SZ,20251118,44.8,45.16,44.77,44.91,45.0,-0.09,-0.2,11201.16,50341.067
001270.SZ,20251117,45.16,45.33,44.68,45.0,44.91,0.09,0.2004,11209.56,50441.604
001270.SZ,20251114,45.38,45.57,44.86,44.91,45.74,-0.83,-1.8146,15181.7,68591.234
001270.SZ,20251113,45.5,46.21,45.31,45.74,45.76,-0.02,-0.0437,18625.74,85337.19
001270.SZ,20251112,45.39,46.0,44.63,45.76,45.39,0.37,0.8152,18078.18,81652.522
001270.SZ,20251111,45.9,46.0,45.13,45.39,45.73,-0.34,-0.7435,15396.92,70000.956
001270.SZ,20251110,46.5,46.99,45.68,45.73,45.78,-0.05,-0.1092,30530.74,140987.891
001270.SZ,20251107,44.96,46.08,44.56,45.78,44.99,0.79,1.7559,32300.09,147135.051
001270.SZ,20251106,44.8,45.25,44.77,44.99,44.76,0.23,0.5139,20634.26,92865.607
001270.SZ,20251105,44.49,45.13,44.35,44.76,44.91,-0.15,-0.334,18677.5,83621.693
001270.SZ,20251104,45.8,46.0,44.66,44.91,45.78,-0.87,-1.9004,25364.92,114820.788
001270.SZ,20251103,45.89,46.01,44.93,45.78,45.67,0.11,0.2409,30688.4,139648.801
001270.SZ,20251031,46.22,46.47,45.62,45.67,46.47,-0.8,-1.7215,28971.98,133047.124
001270.SZ,20251030,46.25,47.03,46.07,46.47,46.19,0.28,0.6062,33257.4,155075.026
001270.SZ,20251029,46.15,47.0,46.0,46.19,46.14,0.05,0.1084,25637.63,118862.588
001270.SZ,20251028,46.95,47.1,46.1,46.14,47.0,-0.86,-1.8298,32595.32,151734.175
001270.SZ,20251027,47.4,47.45,46.43,47.0,47.0,0.0,0.0,33894.16,158934.935
001270.SZ,20251024,47.43,48.26,46.91,47.0,46.42,0.58,1.2495,53983.68,257005.027
001270.SZ,20251023,47.15,48.43,45.71,46.42,46.98,-0.56,-1.192,54768.81,257434.181
001270.SZ,20251022,45.96,48.08,45.6,46.98,45.95,1.03,2.2416,43121.9,202808.636
001270.SZ,20251021,45.2,45.99,45.05,45.95,44.95,1.0,2.2247,29011.54,132581.325
001270.SZ,20251020,44.74,45.47,44.55,44.95,43.95,1.0,2.2753,25298.81,113942.535
001270.SZ,20251017,45.98,46.1,43.83,43.95,45.99,-2.04,-4.4357,41932.89,187423.323
001270.SZ,20251016,46.5,47.29,45.96,45.99,46.88,-0.89,-1.8985,29220.96,136851.963
001270.SZ,20251015,46.69,47.32,45.91,46.88,46.41,0.47,1.0127,29657.46,138751.472
001270.SZ,20251014,46.6,47.96,45.6,46.41,46.03,0.38,0.8255,53547.66,249797.371
001270.SZ,20251013,42.23,46.03,42.23,46.03,43.84,2.19,4.9954,53455.32,238360.729
001270.SZ,20251010,44.0,44.4,43.6,43.84,44.29,-0.45,-1.016,23720.82,104000.356
001270.SZ,20251009,43.8,44.5,43.4,44.29,43.15,1.14,2.6419,33584.84,147995.069
001270.SZ,20250930,41.81,43.15,41.68,43.15,41.52,1.63,3.9258,30693.14,130597.722
001270.SZ,20250929,41.39,41.59,41.12,41.52,41.25,0.27,0.6545,17223.86,71281.13
001270.SZ,20250926,41.92,42.11,41.0,41.25,42.05,-0.8,-1.9025,27807.3,115210.146
001270.SZ,20250925,41.4,42.58,41.3,42.05,41.3,0.75,1.816,39476.84,165634.283
001270.SZ,20250924,41.6,41.82,41.08,41.3,41.82,-0.52,-1.2434,32568.29,134666.308
001270.SZ,20250923,41.27,42.17,40.93,41.82,41.27,0.55,1.3327,39238.06,162777.977
001270.SZ,20250922,41.02,42.0,40.96,41.27,43.12,-1.85,-4.2904,69652.89,287317.581
001270.SZ,20250919,42.93,43.51,42.71,43.12,42.93,0.19,0.4426,20947.85,90218.258
001270.SZ,20250918,43.28,44.41,42.7,42.93,43.5,-0.57,-1.3103,34826.3,151473.311
001270.SZ,20250917,43.96,43.96,43.29,43.5,43.89,-0.39,-0.8886,20581.64,89551.451
001270.SZ,20250916,43.75,44.18,43.2,43.89,43.91,-0.02,-0.0455,24060.74,104992.699
001270.SZ,20250915,44.99,45.14,43.78,43.91,44.75,-0.84,-1.8771,29433.92,129969.134
001270.SZ,20250912,45.15,45.5,44.48,44.75,44.99,-0.24,-0.5335,30361.98,136448.002
001270.SZ,20250911,43.75,45.17,43.75,44.99,44.0,0.99,2.25,34337.08,153514.83
001270.SZ,20250910,42.99,44.28,42.86,44.0,43.16,0.84,1.9462,31921.44,140066.517
001270.SZ,20250909,44.2,44.34,42.85,43.16,44.1,-0.94,-2.1315,30288.3,132235.595
001270.SZ,20250908,43.8,44.44,43.33,44.1,43.4,0.7,1.6129,35835.16,157289.778
001270.SZ,20250905,42.19,43.49,41.48,43.4,41.99,1.41,3.3579,38973.54,165462.735
001270.SZ,20250904,43.27,43.81,41.3,41.99,43.27,-1.28,-2.9582,48194.08,205615.839
001270.SZ,20250903,45.3,45.58,43.06,43.27,45.32,-2.05,-4.5234,62864.76,276619.622
001270.SZ,20250902,47.7,47.7,45.32,45.32,47.7,-2.38,-4.9895,68548.42,315583.64
001270.SZ,20250901,47.46,48.8,46.64,47.7,47.24,0.46,0.9738,47265.24,225040.167
001270.SZ,20250829,46.5,47.76,45.66,47.24,46.03,1.21,2.6287,65160.89,306118.034
001270.SZ,20250828,45.37,46.06,44.68,46.03,44.38,1.65,3.7179,70589.32,320691.714
001270.SZ,20250827,45.19,45.79,44.12,44.38,45.39,-1.01,-2.2252,58713.83,263876.485
001270.SZ,20250826,45.7,46.43,44.75,45.39,44.96,0.43,0.9564,63864.95,291480.69
001270.SZ,20250825,43.35,45.19,43.35,44.96,43.31,1.65,3.8097,69616.74,309168.271
001270.SZ,20250822,42.7,43.33,42.5,43.31,42.47,0.84,1.9779,36862.54,158704.802
001270.SZ,20250821,43.8,43.88,42.3,42.47,43.71,-1.24,-2.8369,49926.92,214888.605
001270.SZ,20250820,43.69,44.12,43.25,43.71,43.43,0.28,0.6447,40201.42,175567.418
001270.SZ,20250819,43.32,43.89,43.15,43.43,43.32,0.11,0.2539,39409.28,171064.686
001270.SZ,20250818,43.55,44.3,43.11,43.32,43.36,-0.04,-0.0923,62050.7,270242.364
001270.SZ,20250815,44.2,45.08,43.07,43.36,45.34,-1.98,-4.367,97935.48,427596.69
001270.SZ,20250814,44.2,46.34,43.72,45.34,44.14,1.2,2.7186,64351.94,288463.363
001270.SZ,20250813,43.2,44.48,43.0,44.14,42.69,1.45,3.3966,51518.4,226074.439
001270.SZ,20250812,42.02,43.5,42.02,42.69,42.56,0.13,0.3055,48351.59,206233.809
001270.SZ,20250811,44.29,45.26,42.5,42.56,43.1,-0.54,-1.2529,77266.96,342093.708
001270.SZ,20250808,42.4,43.5,41.98,43.1,42.43,0.67,1.5791,38445.32,164943.354
001270.SZ,20250807,41.91,42.64,41.4,42.43,41.97,0.46,1.096,40637.91,170778.106
001270.SZ,20250806,41.5,42.13,41.28,41.97,41.42,0.55,1.3279,27756.4,116220.651
001270.SZ,20250805,41.8,42.2,41.14,41.42,41.56,-0.14,-0.3369,33351.68,138812.14
001270.SZ,20250804,39.91,41.73,39.91,41.56,40.2,1.36,3.3831,33881.05,139646.172
001270.SZ,20250801,40.14,40.78,39.83,40.2,39.99,0.21,0.5251,27209.89,109344.508
001270.SZ,20250731,39.27,40.93,39.25,39.99,39.22,0.77,1.9633,44674.96,179321.998
001270.SZ,20250730,40.09,40.6,39.1,39.22,39.99,-0.77,-1.9255,32454.32,129115.316
001270.SZ,20250729,40.0,40.11,39.54,39.99,39.92,0.07,0.1754,23725.66,94463.212
001270.SZ,20250728,39.32,40.05,39.32,39.92,39.28,0.64,1.6293,29276.15,116570.215
001270.SZ,20250725,39.18,39.66,38.93,39.28,39.14,0.14,0.3577,29507.34,115590.465
001270.SZ,20250724,38.32,39.47,38.31,39.14,38.33,0.81,2.1132,30985.23,121260.647
001270.SZ,20250723,38.26,39.02,38.11,38.33,38.43,-0.1,-0.2602,25636.12,98889.238
001270.SZ,20250722,38.95,39.27,38.37,38.43,39.09,-0.66,-1.6884,36419.79,141152.757
001270.SZ,20250721,39.3,39.68,38.82,39.09,39.42,-0.33,-0.8371,33407.6,130653.499
001270.SZ,20250718,39.88,40.04,39.14,39.42,39.88,-0.46,-1.1535,25086.16,99075.549
001270.SZ,20250717,39.39,40.06,39.09,39.88,39.6,0.28,0.7071,28102.97,111223.699
001270.SZ,20250716,40.0,40.08,39.45,39.6,39.9,-0.3,-0.7519,23148.78,91949.547
001270.SZ,20250715,39.9,40.5,39.46,39.9,39.73,0.17,0.4279,35320.34,141359.337
001270.SZ,20250714,39.28,39.83,39.12,39.73,39.02,0.71,1.8196,25607.02,101331.671
001270.SZ,20250711,39.65,39.85,38.73,39.02,39.77,-0.75,-1.8858,54603.23,214584.691
001270.SZ,20250710,40.0,40.43,39.77,39.77,41.86,-2.09,-4.9928,58972.28,235428.951
001270.SZ,20250709,43.0,43.08,41.3,41.86,42.21,-0.35,-0.8292,49644.9,207473.11
001270.SZ,20250708,40.2,42.21,40.2,42.21,40.2,2.01,5.0,38880.47,161584.725
001270.SZ,20250707,39.31,40.4,39.03,40.2,39.23,0.97,2.4726,40192.73,160329.674
001270.SZ,20250704,39.58,40.61,39.11,39.23,39.81,-0.58,-1.4569,43128.56,172193.576
001270.SZ,20250703,39.36,40.53,39.03,39.81,38.66,1.15,2.9747,49522.92,197373.194
001270.SZ,20250702,38.99,39.5,38.01,38.66,38.81,-0.15,-0.3865,39903.32,154784.743
001270.SZ,20250701,39.43,39.72,38.35,38.81,37.92,0.89,2.347,68403.67,267082.777
001270.SZ,20250630,36.59,37.92,36.58,37.92,36.11,1.81,5.0125,33239.23,125453.157
001270.SZ,20250627,36.02,36.38,35.79,36.11,36.02,0.09,0.2499,22855.36,82603.687
001270.SZ,20250626,36.2,36.68,35.98,36.02,36.12,-0.1,-0.2769,25341.86,91903.329
001270.SZ,20250625,35.44,36.24,35.41,36.12,35.37,0.75,2.1204,27049.12,97257.099
001270.SZ,20250624,35.09,35.5,34.81,35.37,34.96,0.41,1.1728,19348.67,68133.435
001270.SZ,20250623,34.02,35.26,33.93,34.96,34.03,0.93,2.7329,22322.52,77627.606
001270.SZ,20250620,34.54,34.54,34.02,34.03,34.53,-0.5,-1.448,14911.36,50947.932
001270.SZ,20250619,34.64,34.98,34.15,34.53,34.68,-0.15,-0.4325,17292.68,59729.898
001270.SZ,20250618,34.2,34.88,34.0,34.68,34.2,0.48,1.4035,22248.1,76517.048
001270.SZ,20250617,35.07,35.14,34.15,34.2,35.07,-0.87,-2.4808,30048.88,103669.389
001270.SZ,20250616,34.97,35.17,34.66,35.07,34.78,0.29,0.8338,15702.02,54874.707
001270.SZ,20250613,34.8,35.19,34.46,34.78,34.62,0.16,0.4622,26954.87,93842.161
001270.SZ,20250612,34.9,35.25,34.6,34.62,35.0,-0.38,-1.0857,27685.38,96608.248
001270.SZ,20250611,35.75,35.82,35.0,35.0,35.68,-0.68,-1.9058,28832.62,102020.172
001270.SZ,20250610,36.57,36.59,35.52,35.68,36.12,-0.44,-1.2182,32809.93,118128.793
001270.SZ,20250609,35.66,36.38,35.66,36.12,35.52,0.6,1.6892,28194.26,101608.588
001270.SZ,20250606,36.09,36.42,35.46,35.52,35.79,-0.27,-0.7544,28107.01,100879.514
001270.SZ,20250605,35.9,36.46,35.71,35.79,35.89,-0.1,-0.2786,30321.2,109284.326
001270.SZ,20250604,36.0,36.23,35.75,35.89,36.45,-0.56,-1.5364,32534.92,116901.996
001270.SZ,20250603,34.81,36.55,34.81,36.45,34.81,1.64,4.7113,73428.54,266723.768
001270.SZ,20250530,34.62,35.07,34.28,34.81,34.79,0.02,0.0575,24412.12,84721.993
001270.SZ,20250529,34.35,34.94,34.21,34.79,34.3,0.49,1.4286,29681.34,102842.474
001270.SZ,20250528,35.4,35.62,34.3,34.3,35.6,-1.3,-3.6517,44411.65,154553.695
001270.SZ,20250527,35.37,35.73,34.86,35.6,35.36,0.24,0.6787,25948.93,91508.763
001270.SZ,20250526,35.3,35.53,34.8,35.36,35.46,-0.1,-0.282,36432.82,127957.669
001270.SZ,20250523,36.47,36.48,35.39,35.46,35.88,-0.42,-1.1706,31064.64,111754.565
001270.SZ,20250522,35.95,36.68,35.53,35.88,36.06,-0.18,-0.4992,34129.04,123178.793
001270.SZ,20250521,36.38,37.0,35.9,36.06,36.4,-0.34,-0.9341,37480.3,136434.253
001270.SZ,20250520,37.28,37.47,36.4,36.4,37.45,-1.05,-2.8037,41965.02,154876.955
001270.SZ,20250519,37.08,37.8,36.88,37.45,36.73,0.72,1.9603,39040.32,145867.435
001270.SZ,20250516,36.08,37.09,36.08,36.73,36.34,0.39,1.0732,32030.76,117702.368
001270.SZ,20250515,36.51,37.17,36.21,36.34,36.35,-0.01,-0.0275,40140.72,147191.794
001270.SZ,20250514,37.24,37.87,36.27,36.35,37.41,-1.06,-2.8335,54130.72,198995.458
001270.SZ,20250513,38.5,38.62,37.38,37.41,38.71,-1.3,-3.3583,64229.74,243212.764
001270.SZ,20250512,37.0,38.93,36.5,38.71,37.08,1.63,4.3959,85116.9,327357.899
001270.SZ,20250509,38.0,38.41,36.52,37.08,37.33,-0.25,-0.6697,74232.95,277456.809
001270.SZ,20250508,36.0,37.46,35.81,37.33,36.19,1.14,3.15,68081.67,250574.044
001270.SZ,20250507,35.67,37.02,35.31,36.19,35.26,0.93,2.6375,97855.32,355079.351
001270.SZ,20250506,33.8,35.4,33.8,35.26,33.71,1.55,4.598,72966.66,253530.049
001270.SZ,20250430,34.2,34.6,33.4,33.71,34.36,-0.65,-1.8917,60642.44,206359.052
001270.SZ,20250429,34.3,35.36,33.94,34.36,34.36,0.0,0.0,65177.71,224997.123
001270.SZ,20250428,33.2,34.36,32.93,34.36,32.72,1.64,5.0122,71106.24,242442.668
001270.SZ,20250425,33.66,34.2,32.61,32.72,33.66,-0.94,-2.7926,74963.25,249753.607
001270.SZ,20250424,32.77,34.35,32.0,33.66,32.76,0.9,2.7473,163953.96,542714.895
001270.SZ,20250422,31.0,33.33,30.56,32.76,31.05,1.71,5.5072,113297.98,362531.985
001270.SZ,20250421,30.03,31.49,29.51,31.05,30.96,0.09,0.2907,67573.92,206880.578
001270.SZ,20250418,31.5,31.94,30.65,30.96,31.67,-0.71,-2.2419,42727.26,133013.19
001270.SZ,20250417,31.5,32.55,31.36,31.67,31.74,-0.07,-0.2205,47060.3,150684.455
001270.SZ,20250416,32.65,32.98,31.2,31.74,33.23,-1.49,-4.4839,69770.39,223566.904
001270.SZ,20250415,32.8,33.8,32.51,33.23,32.73,0.5,1.5277,80426.43,266221.51
001270.SZ,20250414,33.12,33.72,32.65,32.73,34.37,-1.64,-4.7716,109864.17,363644.7
001270.SZ,20250411,33.33,36.19,32.32,34.37,32.9,1.47,4.4681,177770.63,600048.959
001270.SZ,20250410,32.83,32.9,32.1,32.9,29.91,2.99,9.9967,40395.82,132592.042
001270.SZ,20250409,29.91,29.91,29.32,29.91,27.19,2.72,10.0037,44369.1,132573.549
001270.SZ,20250408,25.93,27.56,25.89,27.19,26.47,0.72,2.7201,40832.3,108613.566
001270.SZ,20250407,28.09,28.84,26.47,26.47,29.41,-2.94,-9.9966,43325.26,117371.707
001270.SZ,20250403,29.34,30.23,29.18,29.41,29.84,-0.43,-1.441,24961.6,73818.507
001270.SZ,20250402,29.81,30.29,29.58,29.84,30.05,-0.21,-0.6988,27821.36,83261.613
001270.SZ,20250401,28.99,30.66,28.91,30.05,28.6,1.45,5.0699,57256.11,171889.135
001270.SZ,20250331,28.98,29.05,28.2,28.6,28.97,-0.37,-1.2772,28417.17,81128.882
001270.SZ,20250328,29.95,30.16,28.92,28.97,29.96,-0.99,-3.3044,35386.77,103920.779
001270.SZ,20250327,30.3,30.5,29.37,29.96,30.42,-0.46,-1.5122,30364.56,90795.173
001270.SZ,20250326,30.28,30.89,29.9,30.42,30.5,-0.08,-0.2623,31700.22,96417.983
001270.SZ,20250325,29.83,31.34,29.51,30.5,29.86,0.64,2.1433,49193.02,150920.88
001270.SZ,20250324,31.49,31.71,29.0,29.86,31.71,-1.85,-5.8341,64730.19,194824.702
001270.SZ,20250321,31.93,32.75,31.48,31.71,32.16,-0.45,-1.3993,38271.48,122352.086
001270.SZ,20250320,32.68,32.8,32.03,32.16,32.7,-0.54,-1.6514,33321.21,107876.962
001270.SZ,20250319,33.3,33.3,32.47,32.7,33.3,-0.6,-1.8018,32430.27,106413.003
001270.SZ,20250318,33.94,34.2,33.03,33.3,33.88,-0.58,-1.7119,42167.12,141353.752
001270.SZ,20250317,34.43,34.66,33.78,33.88,34.45,-0.57,-1.6546,39857.3,135372.996
001270.SZ,20250314,34.18,34.5,33.47,34.45,34.25,0.2,0.5839,48068.54,163928.215
001270.SZ,20250313,34.85,35.25,33.7,34.25,34.86,-0.61,-1.7499,53252.61,182053.383
001270.SZ,20250312,35.5,35.95,34.6,34.86,35.39,-0.53,-1.4976,70610.38,248088.385
001270.SZ,20250311,32.82,35.8,32.61,35.39,33.48,1.91,5.7049,113395.3,395785.543
001270.SZ,20250310,32.23,34.98,32.22,33.48,32.17,1.31,4.0721,93277.94,315055.18
001270.SZ,20250307,32.22,33.0,31.74,32.17,32.22,-0.05,-0.1552,53732.04,173958.958
001270.SZ,20250306,32.26,32.68,31.97,32.22,32.14,0.08,0.2489,51966.38,167836.309
001270.SZ,20250305,31.6,32.45,31.42,32.14,31.74,0.4,1.2602,53853.23,172086.275
001270.SZ,20250304,29.87,31.89,29.71,31.74,30.06,1.68,5.5888,62029.72,193504.891
001270.SZ,20250303,30.53,30.99,29.85,30.06,30.53,-0.47,-1.5395,42084.12,128260.663
001270.SZ,20250228,31.89,32.03,30.33,30.53,32.08,-1.55,-4.8317,51015.58,158538.543
001270.SZ,20250227,32.7,32.76,31.42,32.08,32.72,-0.64,-1.956,54233.63,173965.819
001270.SZ,20250226,32.33,32.94,31.9,32.72,32.47,0.25,0.7699,61356.7,198842.699
001270.SZ,20250225,31.58,32.8,31.2,32.47,31.89,0.58,1.8188,66460.96,214447.765
001270.SZ,20250224,31.21,32.22,30.68,31.89,31.21,0.68,2.1788,67142.41,212137.387
001270.SZ,20250221,30.62,31.23,30.38,31.21,30.62,0.59,1.9268,63619.98,196969.883
001270.SZ,20250220,30.04,30.63,29.71,30.62,30.04,0.58,1.9308,52901.42,159889.296
001270.SZ,20250219,29.17,30.18,29.05,30.04,29.17,0.87,2.9825,50541.4,150697.622
001270.SZ,20250218,30.0,30.78,29.0,29.17,30.0,-0.83,-2.7667,57771.6,171733.532
001270.SZ,20250217,29.5,30.28,29.5,30.0,29.7,0.3,1.0101,50121.36,149923.922
001270.SZ,20250214,30.0,30.27,29.28,29.7,30.3,-0.6,-1.9802,62512.3,185518.823
001270.SZ,20250213,30.9,31.07,30.2,30.3,31.0,-0.7,-2.2581,52924.19,161724.592
001270.SZ,20250212,30.8,31.14,30.18,31.0,30.93,0.07,0.2263,71094.12,217963.204
001270.SZ,20250211,30.89,31.31,29.87,30.93,30.52,0.41,1.3434,92395.76,283044.149
001270.SZ,20250210,28.62,30.67,28.62,30.52,28.55,1.97,6.9002,112562.8,336718.796
001270.SZ,20250207,28.41,28.88,28.06,28.55,28.49,0.06,0.2106,73813.53,210702.779
001270.SZ,20250206,28.15,28.7,27.75,28.49,28.14,0.35,1.2438,68991.61,195385.402
001270.SZ,20250205,27.69,28.86,27.43,28.14,27.15,0.99,3.6464,82947.18,234059.143
001270.SZ,20250127,26.33,27.8,26.33,27.15,26.33,0.82,3.1143,98620.7,267424.414
001270.SZ,20250124,26.03,26.95,25.83,26.33,27.41,-1.08,-3.9402,123223.63,323723.983
001270.SZ,20250123,26.0,28.0,26.0,27.41,26.15,1.26,4.8184,195517.08,525395.117
001270.SZ,20250122,26.15,26.15,26.15,26.15,29.05,-2.9,-9.9828,25703.0,67213.345
001270.SZ,20250121,29.05,29.05,29.05,29.05,32.28,-3.23,-10.0062,7429.0,21581.245
001270.SZ,20250120,32.28,32.28,32.28,32.28,35.87,-3.59,-10.0084,10446.0,33719.688
001270.SZ,20250117,35.31,36.28,35.13,35.87,35.6,0.27,0.7584,21475.81,76778.006
001270.SZ,20250116,35.58,36.22,34.95,35.6,35.47,0.13,0.3665,22182.78,78845.186
001270.SZ,20250115,36.45,36.45,35.36,35.47,36.35,-0.88,-2.4209,25274.47,90159.345
001270.SZ,20250114,34.82,36.39,34.4,36.35,34.67,1.68,4.8457,31270.71,111317.026
001270.SZ,20250113,33.2,35.1,32.9,34.67,34.0,0.67,1.9706,24522.6,83760.977
001270.SZ,20250110,34.52,35.6,34.0,34.0,34.49,-0.49,-1.4207,27537.7,95777.489
001270.SZ,20250109,34.12,34.94,33.97,34.49,34.41,0.08,0.2325,23459.34,81094.105
001270.SZ,20250108,35.05,35.05,33.19,34.41,34.96,-0.55,-1.5732,30503.86,103899.753
001270.SZ,20250107,34.42,35.15,34.39,34.96,34.37,0.59,1.7166,23664.97,82210.791
001270.SZ,20250106,34.81,34.95,34.05,34.37,34.81,-0.44,-1.264,27765.28,95870.007
001270.SZ,20250103,36.99,37.33,34.61,34.81,36.72,-1.91,-5.2015,46315.56,164354.892
001270.SZ,20250102,38.0,38.24,36.29,36.72,38.1,-1.38,-3.622,32866.06,122793.025
001270.SZ,20241231,39.66,39.86,38.08,38.1,39.66,-1.56,-3.9334,34034.34,131365.228
001270.SZ,20241230,40.0,40.48,39.37,39.66,40.27,-0.61,-1.5148,23294.04,92814.543
001270.SZ,20241227,41.3,41.48,40.06,40.27,40.3,-0.03,-0.0744,26980.6,109567.089
001270.SZ,20241226,39.57,40.45,39.0,40.3,39.58,0.72,1.8191,28318.17,113720.194
001270.SZ,20241225,40.6,40.86,39.15,39.58,40.6,-1.02,-2.5123,43184.97,172237.282
001270.SZ,20241224,40.9,41.39,39.88,40.6,40.94,-0.34,-0.8305,36729.13,148667.043
001270.SZ,20241223,42.0,42.38,40.83,40.94,42.46,-1.52,-3.5798,30248.28,125520.917
001270.SZ,20241220,41.9,43.21,41.51,42.46,41.9,0.56,1.3365,35303.72,150355.623
001270.SZ,20241219,41.29,42.14,40.8,41.9,41.99,-0.09,-0.2143,34754.52,143839.027
001270.SZ,20241218,41.88,42.82,41.15,41.99,41.52,0.47,1.132,40210.2,168148.977
001270.SZ,20241217,43.01,43.65,41.44,41.52,42.99,-1.47,-3.4194,40583.25,172303.979
001270.SZ,20241216,44.38,44.71,42.68,42.99,44.38,-1.39,-3.132,37456.86,162284.596
001270.SZ,20241213,45.73,45.93,44.33,44.38,46.33,-1.95,-4.2089,46879.74,210590.538
001270.SZ,20241212,46.48,46.94,45.11,46.33,46.19,0.14,0.3031,35952.67,165568.823
001270.SZ,20241211,46.1,46.6,45.45,46.19,46.39,-0.2,-0.4311,33864.0,155984.069
001270.SZ,20241210,47.07,47.21,45.1,46.39,44.9,1.49,3.3185,69129.41,318524.691
001270.SZ,20241209,45.55,45.6,44.67,44.9,45.71,-0.81,-1.772,27978.89,125914.228
001270.SZ,20241206,46.59,46.6,44.86,45.71,46.32,-0.61,-1.3169,38993.89,177669.555
001270.SZ,20241205,45.67,46.88,45.18,46.32,45.95,0.37,0.8052,35165.68,161670.55
001270.SZ,20241204,47.5,47.86,45.68,45.95,47.1,-1.15,-2.4416,40813.03,189949.881
001270.SZ,20241203,48.8,49.65,46.48,47.1,48.97,-1.87,-3.8187,50347.35,239286.204
001270.SZ,20241202,47.7,49.88,47.61,48.97,48.4,0.57,1.1777,68068.54,332894.823
001270.SZ,20241129,48.11,48.99,46.69,48.4,47.92,0.48,1.0017,71402.62,342636.479
001270.SZ,20241128,47.81,49.5,47.4,47.92,47.07,0.85,1.8058,112213.16,544904.169
001270.SZ,20241127,43.4,47.07,42.03,47.07,42.79,4.28,10.0023,72899.52,328782.298
001270.SZ,20241126,42.91,44.2,42.5,42.79,42.9,-0.11,-0.2564,26836.62,116238.749
001270.SZ,20241125,43.6,44.32,42.15,42.9,43.87,-0.97,-2.2111,36169.72,155606.037
001270.SZ,20241122,45.28,46.56,43.66,43.87,45.66,-1.79,-3.9203,41566.61,188079.03
001270.SZ,20241121,46.53,47.53,45.25,45.66,46.4,-0.74,-1.5948,37256.42,171792.247
001270.SZ,20241120,45.2,46.91,44.98,46.4,45.48,0.92,2.0229,46135.92,213111.377
001270.SZ,20241119,43.8,45.8,43.8,45.48,43.8,1.68,3.8356,44959.65,201265.391
001270.SZ,20241118,44.4,45.23,42.2,43.8,44.44,-0.64,-1.4401,50338.31,220261.544
001270.SZ,20241115,47.5,47.98,44.41,44.44,47.76,-3.32,-6.9514,78585.77,359031.384
001270.SZ,20241114,49.9,49.98,47.51,47.76,49.22,-1.46,-2.9663,46730.4,226055.076
001270.SZ,20241113,48.95,50.15,47.56,49.22,49.43,-0.21,-0.4248,54561.22,266219.571
001270.SZ,20241112,51.7,52.29,48.89,49.43,51.93,-2.5,-4.8142,92182.6,464883.208
001270.SZ,20241111,54.28,54.78,50.9,51.93,51.92,0.01,0.0193,111823.6,584781.791
001270.SZ,20241108,48.9,53.7,48.9,51.92,48.9,3.02,6.1759,120386.42,627090.751
001270.SZ,20241107,48.01,51.25,47.45,48.9,48.89,0.01,0.0205,92452.15,452186.481
001270.SZ,20241106,46.88,49.92,45.35,48.89,46.26,2.63,5.6853,146786.75,703092.579
001270.SZ,20241105,44.47,47.52,44.47,46.26,44.46,1.8,4.0486,115899.59,533263.945
001270.SZ,20241104,40.4,44.46,40.25,44.46,40.42,4.04,9.9951,80363.65,345541.682
001270.SZ,20241101,43.3,43.72,40.2,40.42,43.73,-3.31,-7.5692,71551.85,296833.576
001270.SZ,20241031,42.32,44.36,41.38,43.73,42.47,1.26,2.9668,64030.75,275300.353
001270.SZ,20241030,43.4,43.5,41.93,42.47,43.29,-0.82,-1.8942,57869.48,246465.259
001270.SZ,20241029,41.75,45.49,41.3,43.29,41.48,1.81,4.3635,125280.06,547404.786
001270.SZ,20241028,40.95,42.17,40.76,41.48,40.95,0.53,1.2943,51222.77,211679.932
001270.SZ,20241025,40.27,41.32,40.25,40.95,40.23,0.72,1.7897,56183.84,229281.108
001270.SZ,20241024,42.71,42.71,40.02,40.23,42.65,-2.42,-5.6741,86082.16,351241.692
001270.SZ,20241023,40.48,45.0,40.18,42.65,40.98,1.67,4.0752,138373.82,602502.799
001270.SZ,20241022,39.88,41.82,39.06,40.98,40.31,0.67,1.6621,103762.31,422771.578
001270.SZ,20241021,40.09,41.69,39.88,40.31,39.59,0.72,1.8186,102444.35,416289.299
001270.SZ,20241018,37.12,40.45,36.48,39.59,37.08,2.51,6.7691,95378.78,369207.572
001270.SZ,20241017,36.6,38.36,36.27,37.08,36.11,0.97,2.6862,68519.09,255647.814
001270.SZ,20241016,36.0,36.8,35.56,36.11,36.55,-0.44,-1.2038,33597.39,121522.898
001270.SZ,20241015,37.1,38.22,36.27,36.55,37.2,-0.65,-1.7473,57095.47,213343.939
001270.SZ,20241014,34.88,37.66,34.78,37.2,34.36,2.84,8.2654,76154.84,276069.096
001270.SZ,20241011,36.3,36.98,33.99,34.36,37.16,-2.8,-7.535,51400.54,180628.297
001270.SZ,20241010,39.3,39.84,36.87,37.16,38.79,-1.63,-4.2021,73582.5,279764.667
001270.SZ,20241009,39.12,41.94,37.22,38.79,39.12,-0.33,-0.8436,126453.01,501708.063
001270.SZ,20241008,39.12,39.12,37.8,39.12,35.56,3.56,10.0112,95895.67,373005.721
001270.SZ,20240930,34.0,35.56,33.33,35.56,32.33,3.23,9.9907,85752.07,299156.628
001270.SZ,20240927,30.45,32.59,30.37,32.33,29.78,2.55,8.5628,60956.73,191711.159
001270.SZ,20240926,28.88,29.78,28.63,29.78,28.89,0.89,3.0807,41115.31,120191.284
001270.SZ,20240925,28.84,29.4,28.7,28.89,28.54,0.35,1.2263,36770.77,106780.634
001270.SZ,20240924,27.9,28.55,27.24,28.54,27.8,0.74,2.6619,36246.51,101733.578
001270.SZ,20240923,27.45,28.32,27.15,27.8,27.51,0.29,1.0542,26228.94,73155.194
001270.SZ,20240920,27.55,27.88,27.2,27.51,27.55,-0.04,-0.1452,18342.14,50409.767
001270.SZ,20240919,27.11,27.81,26.82,27.55,26.87,0.68,2.5307,19624.68,53759.337
001270.SZ,20240918,27.28,27.49,26.47,26.87,27.01,-0.14,-0.5183,14988.86,40165.147
001270.SZ,20240913,27.78,28.09,27.01,27.01,27.78,-0.77,-2.7718,18156.34,49648.281
001270.SZ,20240912,28.2,28.48,27.72,27.78,28.06,-0.28,-0.9979,18690.0,52592.47
001270.SZ,20240911,28.23,28.38,27.86,28.06,28.35,-0.29,-1.0229,15296.6,42958.606
001270.SZ,20240910,27.9,28.55,27.51,28.35,27.95,0.4,1.4311,22165.88,62112.084
001270.SZ,20240909,28.51,28.66,27.75,27.95,28.54,-0.59,-2.0673,22846.49,64250.252
001270.SZ,20240906,29.55,29.68,28.51,28.54,29.52,-0.98,-3.3198,23883.0,69096.855
001270.SZ,20240905,29.4,30.14,29.28,29.52,29.46,0.06,0.2037,24038.79,71261.022
001270.SZ,20240904,28.66,29.79,28.6,29.46,28.99,0.47,1.6212,28220.28,82772.011
001270.SZ,20240903,28.61,29.04,28.4,28.99,28.65,0.34,1.1867,23487.23,67558.513
001270.SZ,20240902,30.0,30.0,28.61,28.65,29.97,-1.32,-4.4044,27732.48,81200.434
001270.SZ,20240830,29.4,30.4,29.24,29.97,29.42,0.55,1.8695,37896.26,113739.61
001270.SZ,20240829,28.51,29.69,28.4,29.42,28.6,0.82,2.8671,26481.21,77168.39
001270.SZ,20240828,28.69,29.05,28.5,28.6,28.91,-0.31,-1.0723,16388.26,47074.853
001270.SZ,20240827,29.36,29.79,28.86,28.91,29.52,-0.61,-2.0664,18064.71,52503.29
001270.SZ,20240826,29.84,30.1,29.44,29.52,29.68,-0.16,-0.5391,20846.14,61976.346
001270.SZ,20240823,30.08,30.42,29.68,29.68,30.26,-0.58,-1.9167,24001.17,71756.327
001270.SZ,20240822,30.59,31.47,30.21,30.26,30.61,-0.35,-1.1434,30515.24,93856.958
001270.SZ,20240821,30.62,31.18,30.46,30.61,30.81,-0.2,-0.6491,18208.04,55942.057
001270.SZ,20240820,31.4,31.96,30.74,30.81,31.4,-0.59,-1.879,25179.37,78469.753
001270.SZ,20240819,31.03,31.57,30.81,31.4,31.41,-0.01,-0.0318,26279.2,82232.338
001270.SZ,20240816,32.88,32.9,31.36,31.41,31.95,-0.54,-1.6901,35003.2,111625.737
001270.SZ,20240815,31.9,32.75,31.4,31.95,32.15,-0.2,-0.6221,36698.52,117655.794
001270.SZ,20240814,32.88,32.99,32.15,32.15,32.77,-0.62,-1.892,24475.24,79547.767
001270.SZ,20240813,32.58,33.25,32.2,32.77,32.59,0.18,0.5523,34488.0,112631.633
001270.SZ,20240812,32.83,33.13,32.05,32.59,33.7,-1.11,-3.2938,55197.9,179762.555
001270.SZ,20240809,34.9,36.09,33.7,33.7,34.78,-1.08,-3.1052,86637.75,301368.035
001270.SZ,20240808,38.06,38.3,34.66,34.78,38.06,-3.28,-8.618,153194.01,551758.507
001270.SZ,20240807,34.68,38.06,34.68,38.06,34.6,3.46,10.0,160957.04,602236.2
001270.SZ,20240806,34.43,35.32,34.05,34.6,34.08,0.52,1.5258,40278.09,139729.065
001270.SZ,20240805,35.09,36.2,34.0,34.08,35.43,-1.35,-3.8103,53697.78,187925.423
001270.SZ,20240802,36.31,37.2,35.43,35.43,37.05,-1.62,-4.3725,65899.46,238642.201
001270.SZ,20240801,35.5,37.15,35.5,37.05,35.82,1.23,3.4338,71802.86,262949.898
001270.SZ,20240731,34.7,35.85,34.4,35.82,35.02,0.8,2.2844,73558.77,258997.567
001270.SZ,20240730,34.56,35.81,34.0,35.02,34.76,0.26,0.748,68562.19,239417.45
001270.SZ,20240729,35.04,36.02,34.51,34.76,34.42,0.34,0.9878,77489.22,271725.027
001270.SZ,20240726,32.55,35.05,32.3,34.42,32.45,1.97,6.0709,87982.64,297549.021
001270.SZ,20240725,31.66,32.8,31.49,32.45,31.66,0.79,2.4953,46962.18,151670.155
001270.SZ,20240724,31.54,32.61,31.32,31.66,31.65,0.01,0.0316,37185.62,118524.065
001270.SZ,20240723,32.52,32.95,31.6,31.65,32.83,-1.18,-3.5943,33224.48,107241.589
001270.SZ,20240722,31.46,33.38,31.43,32.83,31.66,1.17,3.6955,54130.26,176683.318
001270.SZ,20240719,29.87,32.38,29.5,31.66,29.77,1.89,6.3487,60981.17,190788.759
001270.SZ,20240718,29.31,30.13,28.67,29.77,29.57,0.2,0.6764,30535.94,89390.822
001270.SZ,20240717,30.3,30.39,29.53,29.57,30.24,-0.67,-2.2156,25193.4,75018.239
001270.SZ,20240716,29.89,30.36,29.67,30.24,30.38,-0.14,-0.4608,36113.69,108186.719
001270.SZ,20240715,30.4,31.75,30.06,30.38,30.06,0.32,1.0645,46060.08,141738.131
001270.SZ,20240712,30.9,30.9,30.03,30.06,30.7,-0.64,-2.0847,28680.14,86552.832
001270.SZ,20240711,31.5,31.75,30.5,30.7,31.31,-0.61,-1.9483,47266.84,146095.33
001270.SZ,20240710,31.66,32.08,30.97,31.31,31.66,-0.35,-1.1055,26033.44,82306.299
001270.SZ,20240709,31.25,31.9,30.6,31.66,31.16,0.5,1.6046,33118.91,103774.529
001270.SZ,20240708,32.5,32.53,31.0,31.16,32.18,-1.02,-3.1697,22237.9,70021.547
001270.SZ,20240705,32.78,32.78,31.99,32.18,32.85,-0.67,-2.0396,24854.0,80229.511
001270.SZ,20240704,34.2,34.39,32.68,32.85,34.21,-1.36,-3.9754,28359.64,94541.332
001270.SZ,20240703,34.71,34.87,33.78,34.21,34.63,-0.42,-1.2128,22119.8,75846.883
001270.SZ,20240702,35.26,35.45,34.57,34.63,35.4,-0.77,-2.1751,24406.02,85197.485
001270.SZ,20240701,36.73,36.8,34.83,35.4,36.72,-1.32,-3.5948,35244.54,124948.627
001270.SZ,20240628,36.23,37.62,36.2,36.72,36.46,0.26,0.7131,29442.27,109065.922
001270.SZ,20240627,37.13,37.57,36.42,36.46,37.48,-1.02,-2.7215,21815.32,80657.534
001270.SZ,20240626,36.1,37.49,35.15,37.48,35.86,1.62,4.5176,34226.75,125030.914
001270.SZ,20240625,37.24,37.6,35.35,35.86,37.22,-1.36,-3.6539,35159.76,127402.13
001270.SZ,20240624,39.34,39.71,37.1,37.22,38.95,-1.73,-4.4416,38588.79,147478.827
001270.SZ,20240621,39.0,39.5,38.13,38.95,39.19,-0.24,-0.6124,28558.89,110740.722
001270.SZ,20240620,40.16,41.26,39.19,39.19,40.75,-1.56,-3.8282,50576.62,202928.162
001270.SZ,20240619,41.69,42.17,40.6,40.75,41.92,-1.17,-2.791,47641.89,196337.365
001270.SZ,20240618,40.55,42.35,40.22,41.92,40.2,1.72,4.2786,59683.56,247984.836
001270.SZ,20240617,39.92,40.85,39.67,40.2,40.19,0.01,0.0249,26977.98,108892.735
001270.SZ,20240614,40.6,40.9,39.75,40.19,41.03,-0.84,-2.0473,30960.11,124160.434
001270.SZ,20240613,40.58,41.8,40.2,41.03,40.71,0.32,0.786,45740.38,187978.738
001270.SZ,20240612,40.89,41.57,40.55,40.71,41.1,-0.39,-0.9489,29310.84,120016.393
001270.SZ,20240611,38.58,41.43,37.47,41.1,38.6,2.5,6.4767,57187.7,228448.231
001270.SZ,20240607,39.25,39.8,38.3,38.6,39.11,-0.51,-1.304,35076.77,136476.521
001270.SZ,20240606,41.2,41.68,39.0,39.11,41.45,-2.34,-5.6454,64956.29,260883.269
001270.SZ,20240605,41.0,43.33,40.85,41.45,41.2,0.25,0.6068,77264.13,327005.064
001270.SZ,20240604,41.48,42.58,40.75,41.2,41.9,-0.7,-1.6706,54349.55,224563.989
001270.SZ,20240603,42.0,43.41,41.67,41.9,41.84,0.06,0.1434,86365.55,366300.186
001270.SZ,20240531,40.55,42.5,40.21,41.84,40.61,1.23,3.0288,72845.1,302539.76
001270.SZ,20240530,38.5,41.43,38.02,40.61,39.18,1.43,3.6498,66541.92,267397.892
001270.SZ,20240529,41.38,42.38,39.0,39.18,39.81,-0.63,-1.5825,45408.42,183796.437
001270.SZ,20240528,38.91,40.87,38.2,39.81,38.9,0.91,2.3393,38848.82,155180.696
001270.SZ,20240527,38.77,38.9,37.08,38.9,38.76,0.14,0.3612,31801.27,120100.649
001270.SZ,20240524,40.12,40.29,38.71,38.76,40.29,-1.53,-3.7975,28991.96,114089.177
001270.SZ,20240523,41.39,41.49,40.21,40.29,41.42,-1.13,-2.7282,30202.62,123097.504
001270.SZ,20240522,40.74,42.0,40.02,41.42,41.0,0.42,1.0244,42325.82,174264.601
001270.SZ,20240521,41.38,42.14,39.95,41.0,41.35,-0.35,-0.8464,54389.44,221714.995
001270.SZ,20240520,39.35,41.56,38.87,41.35,39.42,1.93,4.896,55785.2,226988.744
001270.SZ,20240517,39.0,39.71,38.26,39.42,38.86,0.56,1.4411,26936.16,105308.238
001270.SZ,20240516,39.15,39.99,38.7,38.86,39.15,-0.29,-0.7407,21614.09,84830.57
001270.SZ,20240515,39.3,40.37,38.5,39.15,39.4,-0.25,-0.6345,23576.0,93265.702
001270.SZ,20240514,40.21,40.67,39.3,39.4,39.88,-0.48,-1.2036,23296.12,92851.117
001270.SZ,20240513,41.39,41.39,39.71,39.88,41.52,-1.64,-3.9499,36627.53,147042.001
001270.SZ,20240510,43.0,43.19,41.4,41.52,42.99,-1.47,-3.4194,42166.22,177179.946
001270.SZ,20240509,42.89,43.35,42.53,42.99,42.99,0.0,0.0,45500.72,195453.12
001270.SZ,20240508,43.82,45.02,42.74,42.99,43.65,-0.66,-1.512,86702.35,379861.039
001270.SZ,20240507,41.22,45.22,40.56,43.65,41.11,2.54,6.1785,95704.67,416948.474
001270.SZ,20240506,53.28,54.13,53.0,53.64,52.65,0.99,1.8803,22940.75,123106.706
001270.SZ,20240430,53.24,53.49,51.73,52.65,53.24,-0.59,-1.1082,23759.85,124557.716
001270.SZ,20240429,50.9,53.75,50.72,53.24,50.96,2.28,4.4741,27532.35,145119.212
001270.SZ,20240426,50.45,51.68,50.34,50.96,50.5,0.46,0.9109,25691.65,131421.295
001270.SZ,20240425,50.13,51.27,50.02,50.5,50.2,0.3,0.5976,19713.43,100016.62
001270.SZ,20240424,48.45,50.3,48.41,50.2,48.65,1.55,3.186,24905.0,123735.623
001270.SZ,20240423,47.83,49.44,47.7,48.65,47.7,0.95,1.9916,27134.3,131927.337
001270.SZ,20240422,46.12,48.31,44.58,47.7,48.38,-0.68,-1.4055,28728.07,135469.168
001270.SZ,20240419,48.0,49.29,47.25,48.38,48.56,-0.18,-0.3707,23867.98,115070.426
001270.SZ,20240418,48.77,49.85,47.38,48.56,48.83,-0.27,-0.5529,25281.56,122840.893
001270.SZ,20240417,46.85,48.88,46.85,48.83,45.79,3.04,6.639,30251.84,145381.582
001270.SZ,20240416,48.66,49.8,45.6,45.79,49.52,-3.73,-7.5323,33641.41,157813.115
001270.SZ,20240415,51.07,52.0,48.48,49.52,51.11,-1.59,-3.1109,31365.51,156426.995
001270.SZ,20240412,50.59,52.45,49.93,51.11,50.58,0.53,1.0478,24708.35,126105.105
001270.SZ,20240411,50.8,51.85,50.27,50.58,51.48,-0.9,-1.7483,21565.3,109711.75
001270.SZ,20240410,53.5,53.5,50.59,51.48,53.7,-2.22,-4.1341,23602.7,121725.744
001270.SZ,20240409,53.93,54.74,53.09,53.7,53.93,-0.23,-0.4265,17635.41,94667.33
001270.SZ,20240408,56.0,56.28,53.9,53.93,56.56,-2.63,-4.6499,24570.7,134804.295
001270.SZ,20240403,56.89,57.8,55.98,56.56,57.3,-0.74,-1.2914,22365.6,127063.625
001270.SZ,20240402,58.65,58.65,56.31,57.3,58.6,-1.3,-2.2184,30871.76,176854.092
001270.SZ,20240401,56.15,58.84,56.11,58.6,56.36,2.24,3.9744,39140.28,226132.749
001270.SZ,20240329,56.0,57.13,54.08,56.36,56.2,0.16,0.2847,29609.07,164300.957
001270.SZ,20240328,52.04,57.41,52.04,56.2,52.32,3.88,7.4159,44992.28,248107.539
001270.SZ,20240327,55.23,55.28,52.3,52.32,55.42,-3.1,-5.5936,27686.5,148566.119
001270.SZ,20240326,56.7,57.28,55.07,55.42,56.53,-1.11,-1.9636,27417.48,153507.932
001270.SZ,20240325,59.01,59.08,56.43,56.53,58.89,-2.36,-4.0075,28335.65,164078.166
001270.SZ,20240322,60.41,60.87,58.06,58.89,60.41,-1.52,-2.5161,39820.03,236365.393
001270.SZ,20240321,62.23,62.26,60.15,60.41,62.33,-1.92,-3.0804,45012.87,274468.897
001270.SZ,20240320,60.65,63.98,60.65,62.33,60.44,1.89,3.1271,50830.51,316389.842
001270.SZ,20240319,59.2,61.82,58.7,60.44,59.19,1.25,2.1118,48309.77,292824.547
001270.SZ,20240318,58.7,59.78,58.31,59.19,58.67,0.52,0.8863,36613.77,215821.506
001270.SZ,20240315,58.69,58.93,57.24,58.67,58.19,0.48,0.8249,31887.69,185279.808
001270.SZ,20240314,59.35,59.98,57.0,58.19,59.56,-1.37,-2.3002,41758.76,243781.61
001270.SZ,20240313,58.28,61.0,57.18,59.56,58.3,1.26,2.1612,68720.23,406643.399
001270.SZ,20240312,55.33,59.18,55.27,58.3,55.64,2.66,4.7807,64880.74,373464.074
001270.SZ,20240311,54.85,55.88,54.4,55.64,55.41,0.23,0.4151,27082.57,149828.861
001270.SZ,20240308,53.6,55.66,53.01,55.41,53.72,1.69,3.1459,35684.55,194680.979
001270.SZ,20240307,55.85,56.3,53.7,53.72,55.82,-2.1,-3.7621,33915.6,186127.023
001270.SZ,20240306,55.4,56.51,53.99,55.82,55.4,0.42,0.7581,42272.93,233684.646
001270.SZ,20240305,55.13,56.88,55.0,55.4,56.03,-0.63,-1.1244,44543.94,249607.289
001270.SZ,20240304,56.28,58.09,55.35,56.03,55.71,0.32,0.5744,54757.66,309496.756
001270.SZ,20240301,54.08,55.88,54.01,55.71,53.52,2.19,4.0919,64393.38,354881.23
001270.SZ,20240229,50.11,53.54,50.05,53.52,50.63,2.89,5.7081,52135.3,273411.099
001270.SZ,20240228,55.98,56.71,50.63,50.63,56.25,-5.62,-9.9911,86866.14,470495.866
001270.SZ,20240227,53.0,56.99,52.66,56.25,51.88,4.37,8.4233,81191.33,444328.584
001270.SZ,20240226,50.3,53.1,49.68,51.88,50.81,1.07,2.1059,53510.98,276908.361
001270.SZ,20240223,49.0,51.17,48.28,50.81,48.76,2.05,4.2043,43933.2,217655.384
001270.SZ,20240222,46.89,48.88,46.72,48.76,47.26,1.5,3.1739,32199.76,155054.394
001270.SZ,20240221,46.68,48.78,45.8,47.26,46.8,0.46,0.9829,45689.06,217195.751
001270.SZ,20240220,45.62,47.17,44.83,46.8,45.87,0.93,2.0275,43673.72,201490.215
001270.SZ,20240219,46.5,47.0,44.86,45.87,45.92,-0.05,-0.1089,52055.77,236596.461
001270.SZ,20240208,42.17,46.28,42.17,45.92,42.16,3.76,8.9184,68987.76,308181.874
001270.SZ,20240207,39.44,43.38,39.06,42.16,39.44,2.72,6.8966,54325.06,229777.699
001270.SZ,20240206,34.82,39.99,34.79,39.44,37.35,2.09,5.5957,55837.3,208074.025
001270.SZ,20240205,41.35,41.37,37.35,37.35,41.5,-4.15,-10.0,42007.19,161371.699
001270.SZ,20240202,44.72,45.35,40.18,41.5,44.51,-3.01,-6.7625,36348.26,154088.953
001270.SZ,20240201,44.78,45.45,43.5,44.51,44.96,-0.45,-1.0009,25836.68,115068.431
001270.SZ,20240131,47.77,48.17,44.84,44.96,47.71,-2.75,-5.764,26503.74,122645.561
001270.SZ,20240130,49.41,50.14,47.68,47.71,49.46,-1.75,-3.5382,18846.6,92203.554
001270.SZ,20240129,51.17,52.48,49.46,49.46,50.71,-1.25,-2.465,19821.32,100256.561
001270.SZ,20240126,52.6,52.72,50.61,50.71,52.72,-2.01,-3.8126,21274.19,109825.384
001270.SZ,20240125,50.9,53.2,50.51,52.72,50.8,1.92,3.7795,27582.39,143860.962
001270.SZ,20240124,51.3,51.36,48.8,50.8,50.92,-0.12,-0.2357,24453.65,122379.383
001270.SZ,20240123,49.26,51.15,49.26,50.92,50.0,0.92,1.84,24061.24,121811.85
001270.SZ,20240122,53.37,53.84,49.4,50.0,53.5,-3.5,-6.5421,24791.41,128076.4
001270.SZ,20240119,54.39,55.31,53.42,53.5,54.78,-1.28,-2.3366,15599.96,84637.273
001270.SZ,20240118,53.64,54.98,52.56,54.78,54.05,0.73,1.3506,26250.97,141071.08
001270.SZ,20240117,56.17,56.39,54.02,54.05,56.42,-2.37,-4.2006,22657.8,124518.034
001270.SZ,20240116,57.19,57.25,55.43,56.42,57.32,-0.9,-1.5701,27823.3,156445.445
001270.SZ,20240115,57.67,58.33,56.45,57.32,58.4,-1.08,-1.8493,27341.65,156798.403
001270.SZ,20240112,57.3,59.36,56.73,58.4,57.68,0.72,1.2483,38106.89,221503.525
001270.SZ,20240111,56.73,58.15,56.33,57.68,56.51,1.17,2.0704,29664.61,170030.7
001270.SZ,20240110,58.23,58.25,56.5,56.51,58.05,-1.54,-2.6529,25921.01,148352.508
001270.SZ,20240109,59.31,60.2,57.57,58.05,59.18,-1.13,-1.9094,27672.84,162083.665
001270.SZ,20240108,61.07,61.18,59.01,59.18,61.06,-1.88,-3.0789,17635.99,105608.827
001270.SZ,20240105,62.66,63.21,60.58,61.06,62.6,-1.54,-2.4601,23142.2,142658.553
001270.SZ,20240104,63.01,63.6,62.11,62.6,63.21,-0.61,-0.965,18359.04,115445.285
001270.SZ,20240103,64.1,64.1,62.14,63.21,64.55,-1.34,-2.0759,27200.29,171465.102
001270.SZ,20240102,63.25,65.95,62.71,64.55,62.71,1.84,2.9341,52256.48,337694.543
001270.SZ,20231229,63.55,64.0,62.4,62.71,63.41,-0.7,-1.1039,34127.92,215201.726
001270.SZ,20231228,60.6,64.25,60.32,63.41,60.31,3.1,5.1401,46972.32,293804.481
001270.SZ,20231227,59.6,60.42,59.25,60.31,59.74,0.57,0.9541,21742.25,130241.546
001270.SZ,20231226,61.44,61.72,59.06,59.74,61.73,-1.99,-3.2237,32842.13,196683.2
001270.SZ,20231225,62.02,63.26,61.5,61.73,62.05,-0.32,-0.5157,22907.47,142594.19
001270.SZ,20231222,62.74,63.6,60.02,62.05,62.75,-0.7,-1.1155,30616.82,190558.179
001270.SZ,20231221,61.5,64.8,61.48,62.75,62.15,0.6,0.9654,43689.24,276327.639
001270.SZ,20231220,66.0,66.3,62.12,62.15,66.14,-3.99,-6.0327,44234.96,281109.534
001270.SZ,20231219,68.08,68.58,65.01,66.14,68.21,-2.07,-3.0347,36423.55,241710.187
001270.SZ,20231218,71.68,71.68,67.89,68.21,71.97,-3.76,-5.2244,34465.75,239324.342
001270.SZ,20231215,73.4,73.5,71.66,71.97,73.5,-1.53,-2.0816,21050.38,152074.951
001270.SZ,20231214,76.66,77.16,72.51,73.5,76.52,-3.02,-3.9467,40058.07,296518.955
001270.SZ,20231213,76.99,78.5,76.5,76.52,77.09,-0.57,-0.7394,21637.94,167356.198
001270.SZ,20231212,77.95,78.5,76.55,77.09,77.9,-0.81,-1.0398,22989.59,177635.96
001270.SZ,20231211,77.11,78.41,76.37,77.9,77.63,0.27,0.3478,27287.0,211790.656
001270.SZ,20231208,77.5,79.7,77.15,77.63,77.49,0.14,0.1807,36632.54,287169.83
001270.SZ,20231207,76.8,77.65,76.01,77.49,76.82,0.67,0.8722,19087.31,147322.542
001270.SZ,20231206,77.0,78.17,76.5,76.82,76.77,0.05,0.0651,18001.18,138795.971
001270.SZ,20231205,80.0,80.04,76.55,76.77,80.43,-3.66,-4.5505,29612.06,230118.47
001270.SZ,20231204,80.14,81.17,79.68,80.43,80.3,0.13,0.1619,17667.69,142360.911
001270.SZ,20231201,79.9,80.5,79.2,80.3,80.04,0.26,0.3248,16262.46,129847.595
001270.SZ,20231130,80.3,80.48,78.23,80.04,80.52,-0.48,-0.5961,19397.86,154194.141
001270.SZ,20231129,80.44,81.18,80.01,80.52,80.51,0.01,0.0124,17456.94,140842.758
001270.SZ,20231128,80.99,80.99,79.68,80.51,80.27,0.24,0.299,17713.24,142249.465
001270.SZ,20231127,79.01,80.5,78.9,80.27,79.33,0.94,1.1849,19595.45,156956.019
001270.SZ,20231124,83.12,83.38,79.0,79.33,82.88,-3.55,-4.2833,34151.33,273586.517
001270.SZ,20231123,81.38,83.09,81.38,82.88,81.75,1.13,1.3823,20810.45,171581.234
001270.SZ,20231122,85.0,85.7,81.6,81.75,85.45,-3.7,-4.33,40555.95,336400.223
001270.SZ,20231121,88.68,90.2,85.2,85.45,88.67,-3.22,-3.6314,58361.16,506782.05
001270.SZ,20231120,87.56,88.88,85.6,88.67,88.4,0.27,0.3054,51576.77,450428.624
001270.SZ,20231117,86.52,88.52,85.3,88.4,87.18,1.22,1.3994,40423.77,352457.959
001270.SZ,20231116,87.5,88.29,86.51,87.18,87.78,-0.6,-0.6835,31915.93,278668.512
001270.SZ,20231115,88.85,88.87,85.66,87.78,88.48,-0.7,-0.7911,52472.98,456733.344
001270.SZ,20231114,89.0,89.99,87.5,88.48,88.17,0.31,0.3516,56214.67,498652.913
001270.SZ,20231113,86.12,89.11,84.55,88.17,86.1,2.07,2.4042,61766.28,542047.437
001270.SZ,20231110,84.89,88.77,83.9,86.1,84.92,1.18,1.3895,47227.98,409035.399
001270.SZ,20231109,85.5,86.5,84.3,84.92,85.99,-1.07,-1.2443,21633.67,184132.143
001270.SZ,20231108,87.1,87.12,84.72,85.99,87.18,-1.19,-1.365,37723.5,323492.172
001270.SZ,20231107,86.9,87.92,85.72,87.18,86.96,0.22,0.253,30335.36,263205.353
001270.SZ,20231106,83.2,87.69,83.2,86.96,83.72,3.24,3.87,40010.54,343606.326
001270.SZ,20231103,81.0,84.71,81.0,83.72,81.8,1.92,2.3472,28449.35,237071.12
001270.SZ,20231102,86.16,86.16,80.7,81.8,86.16,-4.36,-5.0604,42421.82,351848.292
001270.SZ,20231101,87.0,88.14,85.52,86.16,88.35,-2.19,-2.4788,32991.98,284806.388
001270.SZ,20231031,89.6,91.9,87.5,88.35,90.01,-1.66,-1.8442,47880.4,425746.115
001270.SZ,20231030,86.0,91.5,85.85,90.01,87.29,2.72,3.116,69467.73,620230.668
001270.SZ,20231027,86.97,89.5,84.31,87.29,88.82,-1.53,-1.7226,69194.09,596672.626
001270.SZ,20231026,84.66,90.49,83.01,88.82,86.2,2.62,3.0394,77641.87,680173.083
001270.SZ,20231025,85.78,88.88,85.6,86.2,85.4,0.8,0.9368,61087.91,530621.782
001270.SZ,20231024,90.01,90.89,85.0,85.4,88.01,-2.61,-2.9656,92363.03,804734.661
001270.SZ,20231023,80.07,88.01,80.01,88.01,80.01,8.0,9.9988,82242.61,708566.009
001270.SZ,20231020,85.0,85.88,80.0,80.01,85.55,-5.54,-6.4757,62383.9,517476.312
001270.SZ,20231019,77.03,85.55,77.0,85.55,77.77,7.78,10.0039,82797.43,695292.587
001270.SZ,20231018,80.02,80.36,77.5,77.77,80.2,-2.43,-3.0299,19139.34,150479.602
001270.SZ,20231017,78.66,81.55,77.01,80.2,78.6,1.6,2.0356,24518.72,194670.386
001270.SZ,20231016,79.96,80.19,77.44,78.6,79.8,-1.2,-1.5038,22248.43,174048.366
001270.SZ,20231013,81.15,82.68,79.7,79.8,81.72,-1.92,-2.3495,24052.35,194354.554
001270.SZ,20231012,84.8,85.7,79.9,81.72,84.41,-2.69,-3.1868,30895.0,253339.025
001270.SZ,20231011,83.23,85.6,81.71,84.41,83.25,1.16,1.3934,22379.0,188061.153
001270.SZ,20231010,82.57,83.66,82.3,83.25,82.89,0.36,0.4343,12262.3,101891.716
001270.SZ,20231009,84.1,84.3,81.61,82.89,82.82,0.07,0.0845,14743.89,122612.13
001270.SZ,20230928,80.48,83.48,80.37,82.82,80.37,2.45,3.0484,22578.79,185432.692
001270.SZ,20230927,80.3,81.8,79.81,80.37,80.41,-0.04,-0.0497,16566.33,133621.613
001270.SZ,20230926,81.34,81.36,79.66,80.41,81.51,-1.1,-1.3495,15418.87,123888.764
001270.SZ,20230925,81.59,82.13,80.1,81.51,81.65,-0.14,-0.1715,15316.4,124791.531
001270.SZ,20230922,80.51,81.8,79.58,81.65,80.23,1.42,1.7699,19839.77,159985.497
001270.SZ,20230921,80.78,82.21,79.67,80.23,80.6,-0.37,-0.4591,13587.0,109667.256
001270.SZ,20230920,81.59,82.1,80.0,80.6,81.42,-0.82,-1.0071,13240.68,106995.638
001270.SZ,20230919,83.8,83.8,81.36,81.42,84.08,-2.66,-3.1637,19299.06,158143.798
001270.SZ,20230918,86.7,86.7,83.5,84.08,87.13,-3.05,-3.5005,28394.91,239732.882
001270.SZ,20230915,88.37,88.49,86.0,87.13,87.76,-0.63,-0.7179,18381.14,159934.172
001270.SZ,20230914,88.37,89.0,87.24,87.76,88.37,-0.61,-0.6903,14144.0,124406.968
001270.SZ,20230913,90.0,90.0,87.41,88.37,90.05,-1.68,-1.8656,19886.1,175934.114
001270.SZ,20230912,89.99,91.45,89.34,90.05,89.89,0.16,0.178,27586.54,249861.95
001270.SZ,20230911,93.56,93.57,88.87,89.89,94.86,-4.97,-5.2393,53257.59,481084.866
001270.SZ,20230908,90.78,95.8,90.45,94.86,90.93,3.93,4.322,49273.24,460663.968
001270.SZ,20230907,90.78,96.0,89.0,90.93,90.1,0.83,0.9212,60198.3,556744.324
001270.SZ,20230906,90.18,90.86,88.58,90.1,90.19,-0.09,-0.0998,32299.29,289275.867
001270.SZ,20230905,90.85,92.97,89.5,90.19,91.05,-0.86,-0.9445,32819.01,297964.387
001270.SZ,20230904,87.5,92.0,86.02,91.05,86.6,4.45,5.1386,46119.27,412048.78
001270.SZ,20230901,85.93,87.68,85.0,86.6,86.89,-0.29,-0.3338,17342.29,149541.655
001270.SZ,20230831,85.8,87.68,84.93,86.89,85.8,1.09,1.2704,39952.63,346305.723
001270.SZ,20230830,79.0,85.8,79.0,85.8,78.0,7.8,10.0,49905.63,418863.85
001270.SZ,20230829,72.81,78.36,72.78,78.0,72.78,5.22,7.1723,26084.72,198156.481
001270.SZ,20230828,82.0,82.0,71.0,72.78,77.78,-5.0,-6.4284,30240.51,227457.969
001270.SZ,20230825,79.57,81.4,77.78,77.78,80.37,-2.59,-3.2226,12859.62,101712.596
001270.SZ,20230824,79.39,81.36,79.0,80.37,79.39,0.98,1.2344,12648.51,101552.879
001270.SZ,20230823,80.36,80.66,79.07,79.39,80.71,-1.32,-1.6355,7190.0,57270.177
001270.SZ,20230822,79.74,81.26,78.2,80.71,79.79,0.92,1.153,11891.92,94993.058
001270.SZ,20230821,81.5,83.37,79.7,79.79,81.5,-1.71,-2.0982,11726.16,94891.902
001270.SZ,20230818,84.32,84.79,81.5,81.5,84.15,-2.65,-3.1491,8852.0,73676.103
001270.SZ,20230817,80.31,86.99,80.31,84.15,80.73,3.42,4.2363,18056.17,151154.193
001270.SZ,20230816,80.33,81.62,80.1,80.73,80.73,0.0,0.0,6917.96,55861.88
001270.SZ,20230815,83.0,83.8,80.2,80.73,83.5,-2.77,-3.3174,15577.78,127006.431
001270.SZ,20230814,87.0,87.0,79.0,83.5,87.26,-3.76,-4.309,28497.39,234283.017
001270.SZ,20230811,89.9,89.9,87.0,87.26,89.96,-2.7,-3.0013,13533.2,119479.722
001270.SZ,20230810,87.01,90.86,86.2,89.96,86.95,3.01,3.4618,22724.49,202414.511
001270.SZ,20230809,84.68,87.35,84.4,86.95,85.14,1.81,2.1259,13179.71,113546.123
001270.SZ,20230808,87.53,87.8,84.6,85.14,87.64,-2.5,-2.8526,12806.92,110444.409
001270.SZ,20230807,87.07,89.5,86.5,87.64,87.06,0.58,0.6662,13819.48,121101.721
001270.SZ,20230804,84.98,87.82,84.84,87.06,85.45,1.61,1.8841,15794.71,136547.958
001270.SZ,20230803,84.68,86.17,84.01,85.45,84.84,0.61,0.719,9441.29,80587.964
001270.SZ,20230802,84.41,84.98,83.46,84.84,84.44,0.4,0.4737,8506.3,71639.167
001270.SZ,20230801,85.95,86.0,84.0,84.44,85.66,-1.22,-1.4242,11595.51,98180.651
001270.SZ,20230731,83.6,86.3,82.8,85.66,83.67,1.99,2.3784,17776.25,151473.509
001270.SZ,20230728,82.98,84.13,82.2,83.67,82.86,0.81,0.9776,12818.79,106875.708
001270.SZ,20230727,84.75,85.3,82.64,82.86,84.8,-1.94,-2.2877,14517.08,121372.053
001270.SZ,20230726,85.25,86.3,84.04,84.8,85.09,-0.29,-0.3408,17441.49,148746.516
001270.SZ,20230725,85.92,86.86,84.02,85.09,85.6,-0.51,-0.5958,17024.28,144721.498
001270.SZ,20230724,85.41,86.49,84.6,85.6,85.0,0.6,0.7059,13662.2,117281.215
001270.SZ,20230721,86.65,87.49,84.36,85.0,86.74,-1.74,-2.006,16155.75,138508.336
001270.SZ,20230720,90.2,90.75,86.53,86.74,90.48,-3.74,-4.1335,25540.33,225056.828
001270.SZ,20230719,92.78,92.78,89.18,90.48,93.02,-2.54,-2.7306,23435.4,212318.396
001270.SZ,20230718,92.06,94.35,91.3,93.02,92.07,0.95,1.0318,27275.48,253711.377
001270.SZ,20230717,95.0,95.04,91.68,92.07,95.47,-3.4,-3.5613,24902.15,231516.318
001270.SZ,20230714,97.4,98.49,94.61,95.47,97.53,-2.06,-2.1122,31853.71,305782.698
001270.SZ,20230713,97.39,98.79,96.4,97.53,96.51,1.02,1.0569,28048.02,273840.59
001270.SZ,20230712,102.2,103.0,96.29,96.51,101.7,-5.19,-5.1032,41686.82,410582.061
001270.SZ,20230711,97.69,103.55,97.66,101.7,98.88,2.82,2.8519,60844.28,615494.87
001270.SZ,20230710,92.75,98.88,89.4,98.88,89.89,8.99,10.0011,67921.14,645757.214
001270.SZ,20230707,92.33,93.14,89.61,89.89,92.88,-2.99,-3.2192,22411.54,202920.927
001270.SZ,20230706,93.58,96.18,92.7,92.88,94.55,-1.67,-1.7663,23883.15,224253.577
001270.SZ,20230705,97.0,98.58,93.2,94.55,92.79,1.76,1.8968,46781.12,450398.508
001270.SZ,20230704,89.6,94.0,89.1,92.79,89.29,3.5,3.9198,31178.6,285463.515
001270.SZ,20230703,89.88,93.71,87.3,89.29,87.3,1.99,2.2795,33048.47,298104.497
001270.SZ,20230630,87.2,88.8,85.72,87.3,87.4,-0.1,-0.1144,19985.98,174495.123
001270.SZ,20230629,83.53,87.79,83.12,87.4,83.66,3.74,4.4705,26521.31,228640.045
001270.SZ,20230628,84.77,85.5,82.68,83.66,85.0,-1.34,-1.5765,11062.01,92691.137
001270.SZ,20230627,85.35,86.08,83.5,85.0,84.87,0.13,0.1532,14210.54,120356.534
001270.SZ,20230626,84.6,87.3,82.8,84.87,85.25,-0.38,-0.4457,19332.2,164325.701
001270.SZ,20230621,87.0,87.69,85.12,85.25,86.72,-1.47,-1.6951,20933.62,179971.487
001270.SZ,20230620,83.78,87.75,83.41,86.72,83.83,2.89,3.4475,32280.37,277284.066
001270.SZ,20230619,82.0,85.38,81.1,83.83,82.78,1.05,1.2684,32440.27,270105.634
001270.SZ,20230616,76.32,83.86,76.02,82.78,76.24,6.54,8.5782,51018.2,415533.985
001270.SZ,20230615,77.55,77.76,75.25,76.24,77.56,-1.32,-1.7019,13412.04,102239.315
001270.SZ,20230614,74.58,77.6,74.09,77.56,74.7,2.86,3.8286,18823.8,143295.664
001270.SZ,20230613,75.4,75.64,74.02,74.7,75.43,-0.73,-0.9678,16606.36,123951.876
001270.SZ,20230612,76.62,78.1,75.42,75.43,77.0,-1.57,-2.039,17136.31,131057.579
001270.SZ,20230609,79.0,79.0,76.8,77.0,78.71,-1.71,-2.1725,15696.71,121616.224
001270.SZ,20230608,79.7,80.67,78.52,78.71,79.7,-0.99,-1.2422,13716.34,109067.558
001270.SZ,20230607,76.28,81.21,75.49,79.7,76.28,3.42,4.4835,24845.29,194331.73
001270.SZ,20230606,77.99,78.22,76.0,76.28,78.34,-2.06,-2.6296,11546.82,88868.503
001270.SZ,20230605,78.68,81.78,77.82,78.34,78.64,-0.3,-0.3815,18091.21,144120.094
001270.SZ,20230602,78.08,79.58,75.83,78.64,78.07,0.57,0.7301,13241.77,103188.273
001270.SZ,20230601,75.21,78.88,74.7,78.07,75.94,2.13,2.8048,18187.36,140426.895
001270.SZ,20230531,76.0,76.8,74.3,75.94,76.86,-0.92,-1.197,15653.24,118218.533
001270.SZ,20230530,81.71,82.0,74.58,76.86,82.7,-5.84,-7.0617,26896.53,207720.985
001270.SZ,20230529,82.0,83.38,82.0,82.7,82.1,0.6,0.7308,8098.0,66927.125
001270.SZ,20230526,81.68,82.55,80.7,82.1,81.72,0.38,0.465,7412.43,60713.578
001270.SZ,20230525,82.4,83.6,81.07,81.72,82.58,-0.86,-1.0414,10489.89,86219.465
001270.SZ,20230524,80.58,83.39,80.48,82.58,81.1,1.48,1.8249,10839.94,88918.984
001270.SZ,20230523,82.5,82.96,81.1,81.1,82.66,-1.56,-1.8872,10159.4,83239.731
001270.SZ,20230522,84.32,85.66,81.01,82.66,85.15,-2.49,-2.9243,19734.39,162758.462
001270.SZ,20230519,86.76,87.54,83.11,85.15,88.05,-2.9,-3.2936,20207.78,171828.075
001270.SZ,20230518,89.1,92.35,87.79,88.05,89.45,-1.4,-1.5651,19214.79,172359.62
001270.SZ,20230517,89.4,90.74,88.6,89.45,89.35,0.1,0.1119,13124.09,117735.367
001270.SZ,20230516,90.38,90.77,88.36,89.35,90.41,-1.06,-1.1724,12023.74,107409.959
001270.SZ,20230515,87.0,91.68,86.0,90.41,87.2,3.21,3.6812,19653.95,175309.196
001270.SZ,20230512,87.68,90.2,86.99,87.2,87.26,-0.06,-0.0688,12051.81,106075.462
001270.SZ,20230511,121.18,123.0,119.6,122.52,120.81,1.71,1.4154,7761.28,94056.896
001270.SZ,20230510,121.85,121.85,119.41,120.81,122.0,-1.19,-0.9754,7101.54,85335.333
001270.SZ,20230509,119.09,124.0,118.12,122.0,120.38,1.62,1.3457,14362.87,174665.134
001270.SZ,20230508,118.88,123.4,118.5,120.38,118.0,2.38,2.0169,12727.23,154316.3
001270.SZ,20230505,120.97,123.0,117.6,118.0,122.15,-4.15,-3.3975,13423.0,159667.503
001270.SZ,20230504,121.0,123.96,119.18,122.15,122.05,0.1,0.0819,9021.42,110142.927
001270.SZ,20230428,121.13,122.6,120.02,122.05,121.27,0.78,0.6432,10513.83,128039.553
001270.SZ,20230427,120.76,121.76,117.18,121.27,119.4,1.87,1.5662,16369.66,195883.035
001270.SZ,20230426,118.0,121.85,116.13,119.4,118.5,0.9,0.7595,11809.62,140784.82
001270.SZ,20230425,123.66,124.2,117.39,118.5,123.68,-5.18,-4.1882,16735.18,201040.056
001270.SZ,20230424,128.0,128.2,121.58,123.68,128.38,-4.7,-3.661,18874.46,234847.714
001270.SZ,20230421,133.43,139.68,128.09,128.38,133.42,-5.04,-3.7775,29422.97,394569.814
001270.SZ,20230420,134.25,135.68,131.5,133.42,132.43,0.99,0.7476,19523.35,259963.388
001270.SZ,20230419,133.37,135.3,130.9,132.43,133.3,-0.87,-0.6527,20234.59,268978.567
001270.SZ,20230418,135.0,135.01,127.86,133.3,133.07,0.23,0.1728,33615.22,443220.953
001270.SZ,20230417,123.32,133.07,123.2,133.07,120.97,12.1,10.0025,27387.87,358646.041
001270.SZ,20230414,119.0,122.5,118.36,120.97,118.67,2.3,1.9381,14018.65,169467.05
001270.SZ,20230413,121.19,121.21,117.98,118.67,121.27,-2.6,-2.144,11034.35,131667.892
001270.SZ,20230412,122.34,122.5,120.08,121.27,122.95,-1.68,-1.3664,11340.59,137177.44
001270.SZ,20230411,119.95,125.42,118.84,122.95,119.78,3.17,2.6465,18300.29,224181.117
001270.SZ,20230410,123.9,124.74,119.2,119.78,124.13,-4.35,-3.5044,21476.21,260303.123
001270.SZ,20230407,125.88,125.98,123.0,124.13,125.03,-0.9,-0.7198,15515.89,193072.631
001270.SZ,20230406,120.0,127.0,119.02,125.03,121.92,3.11,2.5509,21819.01,271777.211
001270.SZ,20230404,119.88,125.1,119.2,121.92,120.02,1.9,1.5831,24165.55,296522.612
001270.SZ,20230403,114.0,123.0,113.03,120.02,115.14,4.88,4.2383,29840.87,354826.929
001270.SZ,20230331,117.0,117.7,115.0,115.14,116.65,-1.51,-1.2945,18173.7,210577.162
001270.SZ,20230330,115.75,117.8,115.65,116.65,117.38,-0.73,-0.6219,14885.2,173540.511
001270.SZ,20230329,122.9,122.99,114.1,117.38,126.15,-8.77,-6.952,35050.62,409336.138
001270.SZ,20230328,126.53,128.45,125.0,126.15,127.53,-1.38,-1.0821,14010.83,177410.219
001270.SZ,20230327,121.71,128.5,121.03,127.53,121.7,5.83,4.7905,25628.92,322456.114
001270.SZ,20230324,125.18,125.5,121.21,121.7,125.84,-4.14,-3.2899,18842.34,231163.212
001270.SZ,20230323,118.0,126.0,116.68,125.84,119.46,6.38,5.3407,31163.48,380810.717
001270.SZ,20230322,120.6,120.6,117.29,119.46,120.58,-1.12,-0.9288,20035.85,237513.162
001270.SZ,20230321,119.95,122.47,119.68,120.58,119.71,0.87,0.7268,20434.27,247100.98
001270.SZ,20230320,127.0,127.0,119.66,119.71,128.92,-9.21,-7.144,37483.47,454561.752
001270.SZ,20230317,138.9,139.29,126.51,128.92,137.81,-8.89,-6.4509,39450.34,520575.082
001270.SZ,20230316,136.3,142.5,135.6,137.81,137.44,0.37,0.2692,19305.12,269196.182
001270.SZ,20230315,139.18,140.3,137.06,137.44,141.5,-4.06,-2.8693,17824.58,246626.521
001270.SZ,20230314,135.0,144.14,133.48,141.5,135.06,6.44,4.7683,33388.28,466424.243
001270.SZ,20230313,137.99,137.99,133.58,135.06,138.38,-3.32,-2.3992,18207.63,245800.033
001270.SZ,20230310,138.0,139.49,135.13,138.38,139.47,-1.09,-0.7815,14221.64,195678.358
001270.SZ,20230309,138.6,141.17,137.28,139.47,141.12,-1.65,-1.1692,17164.59,238581.939
001270.SZ,20230308,135.99,141.47,135.3,141.12,137.0,4.12,3.0073,25277.76,352513.929
001270.SZ,20230307,137.5,139.57,135.1,137.0,137.85,-0.85,-0.6166,23246.72,319511.324
001270.SZ,20230306,143.66,144.26,136.55,137.85,142.9,-5.05,-3.5339,39415.47,551502.844
001270.SZ,20230303,148.0,149.0,141.6,142.9,152.0,-9.1,-5.9868,35371.15,508896.629
001270.SZ,20230302,151.0,162.66,146.8,152.0,147.87,4.13,2.793,56173.13,864371.028
001270.SZ,20230301,144.09,148.86,143.2,147.87,144.38,3.49,2.4172,28989.11,424280.465
001270.SZ,20230228,141.9,145.54,140.5,144.38,143.0,1.38,0.965,25253.92,361870.735
001270.SZ,20230227,140.65,144.44,139.94,143.0,140.61,2.39,1.6997,30637.32,436420.835
001270.SZ,20230224,143.0,144.47,139.8,140.61,144.5,-3.89,-2.692,32755.26,463847.972
001270.SZ,20230223,142.82,149.97,141.0,144.5,139.74,4.76,3.4063,59004.24,857454.909
001270.SZ,20230222,129.24,139.74,127.6,139.74,127.04,12.7,9.9969,34399.1,463739.762
001270.SZ,20230221,125.5,130.5,125.0,127.04,126.21,0.83,0.6576,13556.01,172324.489
001270.SZ,20230220,125.43,127.5,123.69,126.21,124.61,1.6,1.284,10789.01,135292.976
001270.SZ,20230217,127.51,128.5,124.0,124.61,127.21,-2.6,-2.0439,13425.34,168814.583
001270.SZ,20230216,134.0,134.0,126.3,127.21,134.56,-7.35,-5.4622,20926.06,271937.979
001270.SZ,20230215,131.88,135.19,129.65,134.56,131.5,3.06,2.327,20599.63,273145.551
001270.SZ,20230214,134.32,135.5,130.66,131.5,133.97,-2.47,-1.8437,16126.04,213254.046
001270.SZ,20230213,136.01,137.88,133.03,133.97,134.11,-0.14,-0.1044,25181.38,340927.248
001270.SZ,20230210,127.07,139.0,127.07,134.11,128.34,5.77,4.4959,35074.32,472129.919
001270.SZ,20230209,123.39,129.08,121.06,128.34,123.44,4.9,3.9695,28677.63,360236.868
001270.SZ,20230208,128.0,128.98,122.0,123.44,126.59,-3.15,-2.4883,32579.67,408031.576
001270.SZ,20230207,115.01,126.59,114.11,126.59,115.08,11.51,10.0017,28257.19,344255.553
001270.SZ,20230206,118.33,119.76,115.0,115.08,118.33,-3.25,-2.7466,10689.31,124638.844
001270.SZ,20230203,116.87,119.1,115.9,118.33,117.01,1.32,1.1281,12894.25,151475.873
001270.SZ,20230202,116.8,118.55,115.61,117.01,116.48,0.53,0.455,14551.09,170613.487
001270.SZ,20230201,113.6,117.2,112.9,116.48,113.6,2.88,2.5352,13107.47,151610.211
001270.SZ,20230131,114.59,115.08,112.18,113.6,115.06,-1.46,-1.2689,11676.46,132391.415
001270.SZ,20230130,116.28,116.96,113.88,115.06,115.29,-0.23,-0.1995,13229.35,151866.954
001270.SZ,20230120,117.14,117.14,113.2,115.29,117.51,-2.22,-1.8892,15041.42,172805.23
001270.SZ,20230119,112.8,118.26,111.5,117.51,112.2,5.31,4.7326,20313.84,234081.987
001270.SZ,20230118,111.87,112.47,109.73,112.2,111.25,0.95,0.8539,10162.89,112726.075
001270.SZ,20230117,110.9,114.53,110.78,111.25,110.77,0.48,0.4333,15565.17,174976.088
001270.SZ,20230116,110.26,111.7,109.04,110.77,110.29,0.48,0.4352,11360.93,125708.626
001270.SZ,20230113,115.4,115.4,108.8,110.29,114.93,-4.64,-4.0372,17472.05,193497.162
001270.SZ,20230112,117.5,117.6,114.89,114.93,116.59,-1.66,-1.4238,8371.51,96908.512
001270.SZ,20230111,121.33,122.28,116.21,116.59,121.48,-4.89,-4.0254,14180.78,167603.219
001270.SZ,20230110,123.15,123.15,121.02,121.48,122.32,-0.84,-0.6867,8899.05,108510.226
001270.SZ,20230109,124.51,125.0,121.18,122.32,124.5,-2.18,-1.751,12481.9,152817.372
001270.SZ,20230106,123.71,126.18,123.6,124.5,124.6,-0.1,-0.0803,11476.22,142965.255
001270.SZ,20230105,124.38,125.5,123.43,124.6,125.1,-0.5,-0.3997,10062.9,125231.947
001270.SZ,20230104,122.89,126.29,122.89,125.1,123.33,1.77,1.4352,11646.26,145310.836
001270.SZ,20230103,123.0,124.2,121.19,123.33,122.0,1.33,1.0902,13508.38,165888.254
001270.SZ,20221230,121.8,123.0,119.37,122.0,121.0,1.0,0.8264,13134.4,158956.165
001270.SZ,20221229,120.2,125.5,119.34,121.0,120.05,0.95,0.7913,14528.88,176364.948
001270.SZ,20221228,119.98,121.0,118.0,120.05,118.0,2.05,1.7373,19315.99,231381.765
001270.SZ,20221227,113.96,119.09,112.3,118.0,112.31,5.69,5.0663,23181.11,268567.471
001270.SZ,20221226,102.1,112.31,101.0,112.31,102.1,10.21,10.0,16625.22,180979.532
001270.SZ,20221223,103.0,103.53,101.19,102.1,103.19,-1.09,-1.0563,4948.45,50524.46
001270.SZ,20221222,105.99,106.2,103.0,103.19,106.17,-2.98,-2.8068,5799.04,60658.423
001270.SZ,20221221,108.1,108.96,103.87,106.17,108.63,-2.46,-2.2646,11034.56,116945.31
001270.SZ,20221220,108.03,110.27,108.0,108.63,108.81,-0.18,-0.1654,4455.21,48578.354
001270.SZ,20221219,112.0,112.15,108.55,108.81,110.8,-1.99,-1.796,6018.62,66247.004
001270.SZ,20221216,112.7,112.7,110.01,110.8,113.29,-2.49,-2.1979,8993.37,99714.636
001270.SZ,20221215,112.1,116.45,110.25,113.29,114.29,-1.0,-0.875,13509.15,153725.569
001270.SZ,20221214,113.88,116.47,113.48,114.29,111.68,2.61,2.337,17485.31,201330.274
001270.SZ,20221213,114.08,117.95,111.35,111.68,115.38,-3.7,-3.2068,16191.68,184851.33
001270.SZ,20221212,108.77,117.0,107.5,115.38,108.8,6.58,6.0478,23274.54,264062.455
001270.SZ,20221209,110.5,110.5,107.7,108.8,110.15,-1.35,-1.2256,12198.16,132452.186
001270.SZ,20221208,112.39,112.88,110.0,110.15,113.01,-2.86,-2.5307,12326.23,137203.941
001270.SZ,20221207,113.55,116.86,112.0,113.01,114.97,-1.96,-1.7048,15014.27,171115.501
001270.SZ,20221206,115.0,117.44,114.36,114.97,115.55,-0.58,-0.5019,11109.78,128336.725
001270.SZ,20221205,115.55,116.12,112.35,115.55,115.34,0.21,0.1821,14050.84,160688.785
001270.SZ,20221202,113.23,116.9,111.6,115.34,113.24,2.1,1.8545,16705.07,192161.032
001270.SZ,20221201,111.8,114.5,110.59,113.24,110.99,2.25,2.0272,15214.07,172069.276
001270.SZ,20221130,114.3,114.92,109.5,110.99,114.61,-3.62,-3.1585,19246.0,213592.805
001270.SZ,20221129,115.38,116.28,113.54,114.61,115.39,-0.78,-0.676,13081.29,150360.032
001270.SZ,20221128,115.11,118.4,113.23,115.39,117.05,-1.66,-1.4182,14651.0,168742.981
001270.SZ,20221125,120.2,120.92,115.55,117.05,119.05,-2.0,-1.68,13673.69,160850.888
001270.SZ,20221124,121.9,122.6,117.83,119.05,120.87,-1.82,-1.5057,12581.51,150860.328
001270.SZ,20221123,124.25,125.15,116.18,120.87,125.1,-4.23,-3.3813,20986.56,251880.298
001270.SZ,20221122,123.5,127.75,121.43,125.1,123.77,1.33,1.0746,20354.64,254758.971
001270.SZ,20221121,120.74,125.06,119.47,123.77,122.49,1.28,1.045,19998.44,245274.346
001270.SZ,20221118,124.46,129.99,122.0,122.49,124.9,-2.41,-1.9295,31671.38,398617.214
001270.SZ,20221117,116.4,126.45,113.0,124.9,117.38,7.52,6.4065,36011.88,432764.374
001270.SZ,20221116,120.0,123.5,117.08,117.38,120.89,-3.51,-2.9035,25527.9,307166.08
001270.SZ,20221115,114.5,121.5,114.5,120.89,114.93,5.96,5.1858,27452.96,328606.804
001270.SZ,20221114,116.5,117.68,113.3,114.93,117.1,-2.17,-1.8531,16149.7,186277.246
001270.SZ,20221111,118.5,121.35,116.1,117.1,115.5,1.6,1.3853,22682.87,269404.811
001270.SZ,20221110,119.2,121.38,115.0,115.5,120.59,-5.09,-4.2209,20291.97,237865.572
001270.SZ,20221109,121.58,123.19,116.52,120.59,120.05,0.54,0.4498,21657.35,261408.89
001270.SZ,20221108,122.97,123.7,119.66,120.05,122.97,-2.92,-2.3746,21046.97,254509.98
001270.SZ,20221107,129.54,131.6,121.11,122.97,129.88,-6.91,-5.3203,32702.41,406584.937
001270.SZ,20221104,126.0,131.1,122.5,129.88,126.79,3.09,2.4371,28500.15,363119.612
001270.SZ,20221103,122.9,127.16,122.68,126.79,124.77,2.02,1.619,23148.09,291472.982
001270.SZ,20221102,128.2,129.28,122.6,124.77,129.8,-5.03,-3.8752,33644.29,421303.555
001270.SZ,20221101,132.0,133.78,127.13,129.8,129.34,0.46,0.3557,32568.4,422650.309
001270.SZ,20221031,120.5,131.33,120.5,129.34,122.99,6.35,5.163,39673.89,509285.044
001270.SZ,20221028,126.5,131.0,122.5,122.99,125.29,-2.3,-1.8357,22802.77,287511.711
001270.SZ,20221027,127.77,127.8,123.99,125.29,128.52,-3.23,-2.5132,21622.35,271736.363
001270.SZ,20221026,125.0,129.27,122.0,128.52,125.99,2.53,2.0081,25965.81,328723.506
001270.SZ,20221025,119.0,129.88,118.65,125.99,120.52,5.47,4.5387,33888.02,426905.165
001270.SZ,20221024,115.95,125.55,115.18,120.52,115.06,5.46,4.7454,30036.68,360621.336
001270.SZ,20221021,113.5,116.18,112.94,115.06,114.53,0.53,0.4628,17567.87,201053.883
001270.SZ,20221020,111.33,117.99,110.0,114.53,112.35,2.18,1.9404,25129.62,288847.42
001270.SZ,20221019,111.5,115.7,109.81,112.35,111.6,0.75,0.672,22367.72,253034.265
001270.SZ,20221018,111.0,112.97,108.38,111.6,111.92,-0.32,-0.2859,16586.94,184049.027
001270.SZ,20221017,104.58,112.12,104.58,111.92,106.2,5.72,5.3861,28179.09,308913.539
001270.SZ,20221014,106.68,108.66,104.0,106.2,107.8,-1.6,-1.4842,18647.97,197317.545
001270.SZ,20221013,101.97,110.39,100.0,107.8,101.75,6.05,5.9459,33687.77,361132.128
001270.SZ,20221012,94.7,101.88,94.0,101.75,94.7,7.05,7.4446,17931.68,174563.578
001270.SZ,20221011,93.99,96.46,92.1,94.7,94.32,0.38,0.4029,10574.13,100125.058
001270.SZ,20221010,99.22,100.0,93.6,94.32,99.9,-5.58,-5.5856,15092.52,143959.389
001270.SZ,20220930,103.33,105.29,98.8,99.9,104.5,-4.6,-4.4019,19871.21,199910.822
001270.SZ,20220929,100.89,106.66,100.0,104.5,100.89,3.61,3.5782,23323.66,242196.275
001270.SZ,20220928,110.6,110.76,100.89,100.89,111.28,-10.39,-9.3368,32929.03,343758.104
001270.SZ,20220927,110.25,113.3,109.7,111.28,110.23,1.05,0.9526,17336.68,193008.117
001270.SZ,20220926,111.18,112.39,108.5,110.23,111.58,-1.35,-1.2099,16036.29,176569.483
001270.SZ,20220923,113.0,114.98,107.5,111.58,114.12,-2.54,-2.2257,24244.18,268757.279
001270.SZ,20220922,111.0,116.66,110.5,114.12,111.2,2.92,2.6259,23333.94,267606.917
001270.SZ,20220921,112.98,114.07,110.33,111.2,114.0,-2.8,-2.4561,16248.94,181778.901
001270.SZ,20220920,111.41,114.93,109.6,114.0,111.7,2.3,2.0591,22403.4,252833.752
001270.SZ,20220919,114.85,116.65,108.98,111.7,115.1,-3.4,-2.954,25738.84,289237.008
001270.SZ,20220916,111.99,118.6,111.0,115.1,112.36,2.74,2.4386,35093.41,405870.589
001270.SZ,20220915,120.06,120.49,109.89,112.36,120.99,-8.63,-7.1328,34550.62,396191.157
001270.SZ,20220914,113.87,121.1,113.08,120.99,116.11,4.88,4.2029,35313.8,418083.005
001270.SZ,20220913,116.21,118.15,113.0,116.11,116.2,-0.09,-0.0775,22054.59,255155.33
001270.SZ,20220909,117.0,119.09,113.11,116.2,117.58,-1.38,-1.1737,29926.1,347519.17
001270.SZ,20220908,110.1,120.01,107.38,117.58,109.1,8.48,7.7727,55712.87,636424.124
001270.SZ,20220907,107.0,114.2,106.78,109.1,108.7,0.4,0.368,38248.68,426859.786
001270.SZ,20220906,106.09,109.99,103.55,108.7,108.6,0.1,0.0921,36882.79,395866.026
001270.SZ,20220905,110.38,113.91,104.5,108.6,107.56,1.04,0.9669,58126.13,635590.858
001270.SZ,20220902,98.02,109.65,98.02,107.56,99.68,7.88,7.9053,52028.08,554284.093
001270.SZ,20220901,103.02,106.19,99.28,99.68,104.2,-4.52,-4.3378,21955.84,224981.071
001270.SZ,20220831,108.0,109.34,102.0,104.2,107.34,-3.14,-2.9253,27449.79,288401.298
001270.SZ,20220830,102.94,108.0,100.5,107.34,102.58,4.76,4.6403,36212.76,378765.536
001270.SZ,20220829,98.0,103.03,97.02,102.58,99.35,3.23,3.2511,23887.02,243145.816
001270.SZ,20220826,99.58,103.95,97.92,99.35,99.92,-0.57,-0.5705,24695.0,248514.016
001270.SZ,20220825,99.21,102.88,98.8,99.92,98.8,1.12,1.1336,22560.97,227262.205
001270.SZ,20220824,104.0,104.8,97.03,98.8,104.0,-5.2,-5.0,27374.51,276326.297
001270.SZ,20220823,105.05,106.5,102.8,104.0,105.32,-1.32,-1.2533,24890.14,258658.047
001270.SZ,20220822,108.0,108.0,101.0,105.32,109.59,-4.27,-3.8963,33860.65,353378.017
001270.SZ,20220819,118.89,121.5,108.33,109.59,119.96,-10.37,-8.6445,44456.06,506827.265
001270.SZ,20220818,112.8,120.15,111.11,119.96,112.83,7.13,6.3192,43728.59,511911.88
001270.SZ,20220817,112.3,114.16,110.3,112.83,113.03,-0.2,-0.1769,19207.55,215799.736
001270.SZ,20220816,114.0,114.99,112.0,113.03,114.2,-1.17,-1.0245,20601.69,233014.22
001270.SZ,20220815,111.0,115.0,107.99,114.2,111.63,2.57,2.3022,34005.23,381885.376
001270.SZ,20220812,119.18,119.73,110.13,111.63,121.02,-9.39,-7.759,47472.15,542909.546
001270.SZ,20220811,120.0,121.9,116.0,121.02,119.6,1.42,1.1873,38399.46,457044.522
001270.SZ,20220810,123.0,126.83,119.33,119.6,124.29,-4.69,-3.7734,43489.18,533752.024
001270.SZ,20220809,126.88,126.99,121.65,124.29,128.98,-4.69,-3.6362,46513.79,574772.475
001270.SZ,20220808,130.01,131.0,120.87,128.98,128.26,0.72,0.5614,63461.67,793944.22
001270.SZ,20220805,116.0,128.26,116.0,128.26,116.6,11.66,10.0,66545.75,829411.088
001270.SZ,20220804,122.0,122.0,112.6,116.6,120.62,-4.02,-3.3328,65438.84,762424.985
001270.SZ,20220803,110.24,120.62,110.24,120.62,109.65,10.97,10.0046,59605.81,702793.825
001270.SZ,20220802,112.5,117.0,107.58,109.65,113.0,-3.35,-2.9646,37315.38,418088.843
001270.SZ,20220801,106.78,114.5,106.78,113.0,110.18,2.82,2.5594,31942.35,357664.972
001270.SZ,20220729,110.95,115.0,109.01,110.18,112.0,-1.82,-1.625,36957.01,415192.467
001270.SZ,20220728,118.51,124.09,111.33,112.0,118.2,-6.2,-5.2453,57881.9,677573.355
001270.SZ,20220727,115.1,119.0,112.5,118.2,115.01,3.19,2.7737,41364.52,479457.548
001270.SZ,20220726,116.0,117.0,112.0,115.01,118.84,-3.83,-3.2228,54782.77,627102.567
001270.SZ,20220725,107.61,119.9,107.61,118.84,109.0,9.84,9.0275,73935.72,862506.937
001270.SZ,20220722,112.51,119.08,106.78,109.0,113.84,-4.84,-4.2516,59137.25,659668.608
001270.SZ,20220721,111.5,114.8,109.01,113.84,113.62,0.22,0.1936,54314.27,609206.821
001270.SZ,20220720,104.99,113.62,104.01,113.62,103.29,10.33,10.001,80594.37,882086.581
001270.SZ,20220719,93.8,103.29,92.57,103.29,93.9,9.39,10.0,51129.73,508161.998
001270.SZ,20220718,90.9,94.47,90.5,93.9,90.9,3.0,3.3003,49019.85,454356.014
001270.SZ,20220715,86.0,94.7,85.0,90.9,86.09,4.81,5.5872,71011.77,653439.074
001270.SZ,20220714,83.32,87.38,83.05,86.09,84.99,1.1,1.2943,35294.7,302952.446
001270.SZ,20220713,86.97,86.97,83.28,84.99,88.28,-3.29,-3.7268,43848.47,371782.664
001270.SZ,20220712,85.3,91.33,85.3,88.28,85.27,3.01,3.53,56301.59,496146.467
001270.SZ,20220711,91.15,92.99,83.5,85.27,92.1,-6.83,-7.4159,74178.88,643513.535
001270.SZ,20220708,93.3,96.74,91.39,92.1,93.3,-1.2,-1.2862,46748.76,437602.07
001270.SZ,20220707,92.38,95.0,88.9,93.3,93.24,0.06,0.0644,47032.38,432560.343
001270.SZ,20220706,91.05,95.66,89.92,93.24,92.69,0.55,0.5934,50422.5,471054.855
001270.SZ,20220705,98.02,99.84,90.17,92.69,100.19,-7.5,-7.4858,82580.86,779106.239
001270.SZ,20220704,111.0,111.0,100.19,100.19,111.32,-11.13,-9.9982,87043.57,896609.379
001270.SZ,20220701,100.0,111.32,98.08,111.32,101.2,10.12,10.0,77150.6,818753.55
001270.SZ,20220630,100.1,102.89,98.01,101.2,100.0,1.2,1.2,63882.93,644466.733
001270.SZ,20220629,111.0,111.98,99.89,100.0,110.99,-10.99,-9.9018,97957.7,1001048.166
001270.SZ,20220628,112.11,113.81,105.1,110.99,114.6,-3.61,-3.1501,98334.69,1078095.968
001270.SZ,20220627,107.11,115.29,107.01,114.6,106.9,7.7,7.203,89575.83,1002126.403
001270.SZ,20220624,106.63,113.16,106.0,106.9,102.87,4.03,3.9176,103303.77,1127767.052
001270.SZ,20220623,99.5,102.87,99.13,102.87,93.52,9.35,9.9979,56232.95,570984.611
001270.SZ,20220622,89.07,97.98,86.01,93.52,89.07,4.45,4.9961,180528.46,1672091.421
001270.SZ,20220621,85.99,89.07,83.88,89.07,80.97,8.1,10.0037,124721.86,1085504.003
001270.SZ,20220620,80.97,80.97,80.97,80.97,73.61,7.36,9.9986,77751.01,629549.928
001270.SZ,20220617,73.61,73.61,73.61,73.61,66.92,6.69,9.997,4278.1,31491.094
001270.SZ,20220616,66.92,66.92,66.92,66.92,60.84,6.08,9.9934,1628.58,10898.457
001270.SZ,20220615,60.84,60.84,60.84,60.84,55.31,5.53,9.9982,1248.97,7598.733
001270.SZ,20220614,55.31,55.31,55.31,55.31,50.28,5.03,10.004,2884.41,15953.672
001270.SZ,20220613,50.28,50.28,50.28,50.28,45.71,4.57,9.9978,7909.21,39767.508
001270.SZ,20220610,45.71,45.71,45.71,45.71,41.55,4.16,10.012,3009.36,13755.785
001270.SZ,20220609,41.55,41.55,41.55,41.55,37.77,3.78,10.0079,1895.89,7877.423
001270.SZ,20220608,37.77,37.77,37.77,37.77,34.34,3.43,9.9884,1150.13,4344.041
001270.SZ,20220607,34.34,34.34,34.34,34.34,31.22,3.12,9.9936,983.23,3376.412
001270.SZ,20220606,26.02,31.22,26.02,31.22,21.68,9.54,44.0037,5949.22,18478.653
